datetime,num_inflow_event1,arrival_rate,wait_time_minutes,queue_length_L,bottleneck_severity
2025-09-11 10:22:12,1,0.2,92.47745083333332,18.495490166666666,Light
2025-09-11 22:52:12,1,0.2,59.245557222222224,11.849111444444446,Light
2025-09-12 00:27:12,5,1.0,17.201251111111112,17.201251111111112,Light
2025-09-12 01:37:12,2,0.4,12.642980277777777,5.057192111111111,Normal
2025-09-12 02:22:12,1,0.2,11.524770833333333,2.3049541666666666,Normal
2025-09-12 03:17:12,5,1.0,10.689150277777777,10.689150277777777,Light
2025-09-12 03:32:12,4,0.8,18.00489041666667,14.403912333333336,Light
2025-09-12 03:37:12,6,1.2,10.051635,12.061962,Light
2025-09-12 03:57:12,2,0.4,10.020052499999998,4.008020999999999,Normal
2025-09-12 04:12:12,2,0.4,9.70188138888889,3.880752555555556,Normal
2025-09-12 05:07:12,5,1.0,8.84240138888889,8.84240138888889,Normal
2025-09-12 05:12:12,6,1.2,9.454207499999999,11.345048999999998,Light
2025-09-12 05:17:12,3,0.6,8.431388888888888,5.058833333333332,Normal
2025-09-12 05:57:12,6,1.2,7.694218611111111,9.233062333333333,Normal
2025-09-12 06:02:12,4,0.8,7.91716,6.333728000000001,Normal
2025-09-12 06:07:12,8,1.6,7.8015388888888895,12.482462222222225,Light
2025-09-12 06:17:12,11,2.2,7.555973888888889,16.623142555555557,Light
2025-09-12 06:22:12,8,1.6,7.636204305555555,12.21792688888889,Light
2025-09-12 06:27:12,9,1.8,8.031752777777777,14.457155,Light
2025-09-12 06:52:12,8,1.6,8.158478888888888,13.053566222222223,Light
2025-09-12 06:57:12,7,1.4,7.6756794444444445,10.74595122222222,Light
2025-09-12 07:12:12,14,2.8,7.724238472222222,21.62786772222222,Light
2025-09-12 07:17:12,10,2.0,6.913833888888888,13.827667777777776,Light
2025-09-12 07:27:12,8,1.6,21.99588111111111,35.19340977777778,Moderate
2025-09-12 07:32:12,12,2.4,6.478793333333333,15.549103999999998,Light
2025-09-12 07:37:12,15,3.0,6.337721527777778,19.013164583333335,Light
2025-09-12 07:42:12,28,5.6,11.5598925,64.735398,Severe
2025-09-12 07:47:12,19,3.8,22.332393472222225,84.86309519444445,Severe
2025-09-12 07:52:12,21,4.2,6.556051111111111,27.535414666666664,Moderate
2025-09-12 07:57:12,24,4.8,11.713237222222224,56.22353866666668,Severe
2025-09-12 08:02:12,16,3.2,6.220892083333334,19.90685466666667,Light
2025-09-12 08:07:12,22,4.4,6.2440521296296305,27.473829370370378,Moderate
2025-09-12 08:12:12,23,4.6,5.9819225,27.516843499999997,Moderate
2025-09-12 08:17:12,19,3.8,6.06502875,23.04710925,Light
2025-09-12 08:22:12,26,5.2,13.40976375,69.7307715,Severe
2025-09-12 08:32:12,22,4.4,5.831426111111111,25.65827488888889,Moderate
2025-09-12 08:37:12,24,4.8,5.565271805555556,26.713304666666666,Moderate
2025-09-12 08:42:12,25,5.0,5.465301111111112,27.326505555555556,Moderate
2025-09-12 08:47:12,16,3.2,5.31412175925926,17.005189629629633,Light
2025-09-12 08:57:12,34,6.8,15.15111472222222,103.02758011111109,Critical
2025-09-12 09:07:12,14,2.8,10.210699027777776,28.58995727777777,Moderate
2025-09-12 09:12:12,15,3.0,20.44334083333333,61.33002249999999,Severe
2025-09-12 09:17:12,15,3.0,19.40987833333333,58.229634999999995,Severe
2025-09-12 09:22:12,22,4.4,22.3666525,98.41327100000001,Severe
2025-09-12 09:27:12,15,3.0,19.94080861111111,59.82242583333333,Severe
2025-09-12 09:37:12,11,2.2,21.669911666666668,47.673805666666674,Moderate
2025-09-12 09:42:12,16,3.2,8.95581722222222,28.658615111111107,Moderate
2025-09-12 09:47:12,22,4.4,17.70446361111111,77.89963988888888,Severe
2025-09-12 09:57:12,14,2.8,16.882993888888887,47.27238288888888,Moderate
2025-09-12 10:02:12,20,4.0,14.069824629629627,56.27929851851851,Severe
2025-09-12 10:22:12,24,4.8,14.73454277777778,70.72580533333334,Severe
2025-09-12 10:27:12,18,3.6,22.88916444444445,82.40099200000002,Severe
2025-09-12 10:32:12,13,2.6,20.766275833333335,53.99231716666667,Severe
2025-09-12 10:37:12,16,3.2,3.1409525,10.051048000000002,Light
2025-09-12 10:42:12,13,2.6,74.20371611111112,192.92966188888892,Critical
2025-09-12 10:47:12,23,4.6,14.42465222222222,66.3534002222222,Severe
2025-09-12 10:52:12,23,4.6,16.509136388888887,75.94202738888887,Severe
2025-09-12 10:57:12,26,5.2,8.570347083333333,44.56580483333333,Moderate
2025-09-12 11:07:12,16,3.2,11.82102236111111,37.827271555555555,Moderate
2025-09-12 11:12:12,27,5.4,10.711782222222222,57.843624000000005,Severe
2025-09-12 11:17:12,20,4.0,17.618633888888887,70.47453555555555,Severe
2025-09-12 11:22:12,28,5.6,13.228429166666666,74.07920333333333,Severe
2025-09-12 11:27:12,15,3.0,2.402361111111111,7.207083333333333,Normal
2025-09-12 11:32:12,17,3.4,17.713982222222224,60.22753955555556,Severe
2025-09-12 11:37:12,24,4.8,53.71725722222222,257.84283466666665,Critical
2025-09-12 11:42:12,27,5.4,13.01435763888889,70.27753125000001,Severe
2025-09-12 11:47:12,22,4.4,17.589624305555557,77.39434694444445,Severe
2025-09-12 11:52:12,17,3.4,7.41387638888889,25.207179722222225,Moderate
2025-09-12 11:57:12,19,3.8,16.34518777777778,62.11171355555557,Severe
2025-09-12 12:12:12,12,2.4,17.42592555555556,41.82222133333334,Moderate
2025-09-12 12:17:12,19,3.8,16.985110277777775,64.54341905555555,Severe
2025-09-12 12:27:12,23,4.6,16.967085416666663,78.04859291666665,Severe
2025-09-12 12:32:12,22,4.4,16.849335555555555,74.13707644444445,Severe
2025-09-12 12:42:12,18,3.6,14.017269166666667,50.462169,Severe
2025-09-12 12:52:12,24,4.8,14.271649814814815,68.5039191111111,Severe
2025-09-12 12:57:12,48,9.6,10.724601984126986,102.95617904761906,Critical
2025-09-12 13:02:12,111,22.2,4.890390353535354,108.56666584848486,Critical
2025-09-12 13:07:12,87,17.4,5.848052592592593,101.7561151111111,Critical
2025-09-12 13:12:12,81,16.2,1.2100936666666666,19.603517399999998,Light
2025-09-12 13:17:12,94,18.8,2.470112611111111,46.43811708888889,Moderate
2025-09-12 13:22:12,108,21.6,4.305660361111111,93.00226380000001,Severe
2025-09-12 13:27:12,105,21.0,5.011525694444444,105.24203958333332,Critical
2025-09-12 13:32:12,101,20.2,5.61747662037037,113.47302773148147,Critical
2025-09-12 13:37:12,84,16.8,4.207200888888889,70.68097493333333,Severe
2025-09-12 13:42:12,106,21.2,0.4923532638888889,10.437889194444445,Light
2025-09-12 13:47:12,99,19.8,4.579664087301587,90.67734892857142,Severe
2025-09-12 13:52:12,103,20.6,3.139754444444444,64.67894155555555,Severe
2025-09-12 13:57:12,87,17.4,6.025017673611112,104.83530752083334,Critical
2025-09-12 14:02:12,89,17.8,8.717599166666666,155.17326516666665,Critical
2025-09-12 14:07:12,90,18.0,3.2684961904761907,58.832931428571435,Severe
2025-09-12 14:12:12,94,18.8,5.3001275833333334,99.64239856666667,Severe
2025-09-12 14:17:12,91,18.2,1.1829047222222222,21.528865944444444,Light
2025-09-12 14:22:12,89,17.8,0.804804111111111,14.325513177777777,Light
2025-09-12 14:27:12,99,19.8,3.532023240740741,69.93406016666667,Severe
2025-09-12 14:32:12,104,20.8,1.7262822839506173,35.90667150617284,Moderate
2025-09-12 14:37:12,89,17.8,1.9453333024691355,34.626932783950615,Moderate
2025-09-12 14:42:12,107,21.4,2.6063008950617284,55.774839154320986,Severe
2025-09-12 14:47:12,101,20.2,1.7420890873015873,35.190199563492065,Moderate
2025-09-12 14:52:12,103,20.6,4.8551572530864195,100.01623941358025,Critical
2025-09-12 14:57:12,107,21.4,7.1035067592592585,152.01504464814812,Critical
2025-09-12 15:02:12,89,17.8,8.290280972222222,147.56700130555555,Critical
2025-09-12 15:07:12,99,19.8,0.7934636111111112,15.710579500000001,Light
2025-09-12 15:12:12,106,21.2,0.930772111111111,19.73236875555555,Light
2025-09-12 15:17:12,104,20.8,2.9798465625,61.9808085,Severe
2025-09-12 15:22:12,105,21.0,0.6569019047619048,13.79494,Light
2025-09-12 15:27:12,88,17.6,6.376390833333334,112.22447866666668,Critical
2025-09-12 15:32:12,86,17.2,2.8664280555555552,49.30256255555555,Moderate
2025-09-12 15:37:12,99,19.8,3.6659827777777783,72.58645900000002,Severe
2025-09-12 15:42:12,93,18.6,3.3467659523809528,62.249846714285724,Severe
2025-09-12 15:47:12,106,21.2,0.4514146031746032,9.569989587301587,Normal
2025-09-12 15:52:12,107,21.4,0.5372444047619048,11.497030261904763,Light
2025-09-12 15:57:12,126,25.2,2.7970365350877193,70.48532068421052,Severe
2025-09-12 16:02:12,127,25.4,0.8206185069444445,20.843710076388888,Light
2025-09-12 16:07:12,120,24.0,6.569015154320988,157.65636370370373,Critical
2025-09-12 16:12:12,125,25.0,2.5974941865079364,64.93735466269841,Severe
2025-09-12 16:17:12,119,23.8,2.9180330555555556,69.44918672222222,Severe
2025-09-12 16:22:12,133,26.6,1.9041316666666668,50.64990233333334,Severe
2025-09-12 16:27:12,107,21.4,2.762382222222222,59.11497955555555,Severe
2025-09-12 16:32:12,122,24.4,0.8792154545454545,21.452857090909088,Light
2025-09-12 16:37:12,121,24.2,2.0683203819444445,50.053353243055554,Severe
2025-09-12 16:42:12,118,23.6,1.7125277272727275,40.41565436363637,Moderate
2025-09-12 16:47:12,115,23.0,0.4909051736111111,11.290818993055554,Light
2025-09-12 16:52:12,125,25.0,3.886734351851852,97.16835879629629,Severe
2025-09-12 16:57:12,124,24.8,2.4552386111111115,60.88991755555557,Severe
2025-09-12 17:02:12,80,16.0,10.622167291666667,169.95467666666667,Critical
2025-09-12 17:07:12,86,17.2,5.943433333333333,102.22705333333333,Critical
2025-09-12 17:12:12,80,16.0,7.001452619047618,112.02324190476189,Critical
2025-09-12 17:17:12,96,19.2,5.959838827160494,114.4289054814815,Critical
2025-09-12 17:22:12,74,14.8,4.294457916666667,63.55797716666668,Severe
2025-09-12 17:27:12,97,19.4,9.946688298611113,192.96575299305556,Critical
2025-09-12 17:32:12,90,18.0,4.980390476190476,89.64702857142858,Severe
2025-09-12 17:37:12,75,15.0,7.0687154761904765,106.03073214285715,Critical
2025-09-12 17:42:12,98,19.6,5.789237407407408,113.4690531851852,Critical
2025-09-12 17:47:12,87,17.4,8.988316527777778,156.39670758333332,Critical
2025-09-12 17:52:12,84,16.8,9.34990175925926,157.07834955555558,Critical
2025-09-12 17:57:12,91,18.2,7.070210092592592,128.67782368518516,Critical
2025-09-12 18:02:12,97,19.4,5.278290479797979,102.39883530808079,Critical
2025-09-12 18:07:12,98,19.6,7.681699930555556,150.5613186388889,Critical
2025-09-12 18:12:12,72,14.4,6.103582962962963,87.89159466666666,Severe
2025-09-12 18:17:12,80,16.0,8.994336305555555,143.90938088888888,Critical
2025-09-12 18:22:12,89,17.8,6.392805793650795,113.79194312698415,Critical
2025-09-12 18:27:12,83,16.6,5.103141770833334,84.71215339583335,Severe
2025-09-12 18:32:12,81,16.2,6.506503796296296,105.40536149999998,Critical
2025-09-12 18:37:12,82,16.4,6.64319638888889,108.94842077777778,Critical
2025-09-12 18:42:12,101,20.2,8.45641459876543,170.8195748950617,Critical
2025-09-12 18:47:12,85,17.0,7.2884548888888885,123.90373311111111,Critical
2025-09-12 18:52:12,101,20.2,5.870684027777778,118.5878173611111,Critical
2025-09-12 18:57:12,85,17.0,9.251466507936508,157.27493063492062,Critical
2025-09-12 19:02:12,89,17.8,7.25899670138889,129.21014128472225,Critical
2025-09-12 19:07:12,89,17.8,6.580367006172838,117.13053270987652,Critical
2025-09-12 19:12:12,87,17.4,8.121125451388888,141.30758285416664,Critical
2025-09-12 19:17:12,100,20.0,8.145562152777778,162.91124305555556,Critical
2025-09-12 19:22:12,92,18.4,7.618016759259259,140.17150837037036,Critical
2025-09-12 19:27:12,78,15.6,8.620726234567902,134.48332925925928,Critical
2025-09-12 19:32:12,73,14.6,8.596244375,125.50516787499998,Critical
2025-09-12 19:37:12,88,17.6,8.395905833333332,147.76794266666667,Critical
2025-09-12 19:42:12,85,17.0,6.858917083333334,116.60159041666668,Critical
2025-09-12 19:47:12,74,14.8,8.033798222222222,118.9002136888889,Critical
2025-09-12 19:52:12,92,18.4,7.471116865079366,137.4685503174603,Critical
2025-09-12 19:57:12,116,23.2,6.94762892361111,161.18499102777776,Critical
2025-09-12 20:02:12,90,18.0,7.541987380952381,135.75577285714286,Critical
2025-09-12 20:07:12,81,16.2,7.481674611111112,121.20312870000001,Critical
2025-09-12 20:12:12,85,17.0,8.376768935185185,142.40507189814815,Critical
2025-09-12 20:17:12,87,17.4,7.714957013888888,134.24025204166665,Critical
2025-09-12 20:22:12,92,18.4,6.112867499999999,112.47676199999998,Critical
2025-09-12 20:27:12,100,20.0,6.716790606060607,134.33581212121214,Critical
2025-09-12 20:32:12,106,21.2,7.086026111111111,150.22375355555553,Critical
2025-09-12 20:37:12,92,18.4,6.245194083333333,114.91157113333331,Critical
2025-09-12 20:42:12,84,16.8,7.349774444444444,123.47621066666666,Critical
2025-09-12 20:47:12,78,15.6,6.457360208333333,100.73481925,Critical
2025-09-12 20:52:12,86,17.2,5.9954358333333335,103.12149633333333,Critical
2025-09-12 20:57:12,80,16.0,7.231454270833334,115.70326833333334,Critical
2025-09-12 21:02:12,6,1.2,7.623074722222222,9.147689666666666,Normal
2025-09-13 00:02:12,42,8.4,11.048423333333334,92.80675600000001,Severe
2025-09-13 00:07:12,36,7.2,16.596301203703703,119.49336866666667,Critical
2025-09-13 00:12:12,36,7.2,12.365830944444445,89.0339828,Severe
2025-09-13 00:17:12,34,6.8,12.118255625,82.40413825,Severe
2025-09-13 00:22:12,26,5.2,10.957858425925927,56.980863814814825,Severe
2025-09-13 00:27:12,18,3.6,12.232274722222222,44.036189,Moderate
2025-09-13 00:32:12,22,4.4,23.217156944444447,102.15549055555557,Critical
2025-09-13 00:37:12,27,5.4,9.4148075,50.839960500000004,Severe
2025-09-13 00:42:12,27,5.4,9.579759166666667,51.73069950000001,Severe
2025-09-13 00:47:12,27,5.4,9.441884166666666,50.986174500000004,Severe
2025-09-13 01:02:12,21,4.2,10.918404444444445,45.85729866666667,Moderate
2025-09-13 01:07:12,20,4.0,12.962509444444445,51.85003777777778,Severe
2025-09-13 01:12:12,21,4.2,12.707603472222221,53.37193458333333,Severe
2025-09-13 01:17:12,40,8.0,6.165094027777779,49.32075222222223,Moderate
2025-09-13 01:22:12,24,4.8,5.5689980555555545,26.73119066666666,Moderate
2025-09-13 01:27:12,18,3.6,8.281796388888889,29.814467,Moderate
2025-09-13 01:32:12,18,3.6,8.510523125,30.63788325,Moderate
2025-09-13 01:37:12,12,2.4,8.75039888888889,21.000957333333336,Light
2025-09-13 01:42:12,14,2.8,8.570234305555555,23.996656055555555,Light
2025-09-13 01:47:12,17,3.4,8.081346666666667,27.476578666666665,Moderate
2025-09-13 01:57:12,7,1.4,8.468416388888889,11.855782944444444,Light
2025-09-13 02:07:12,11,2.2,18.611806944444442,40.94597527777778,Moderate
2025-09-13 02:12:12,11,2.2,9.514932499999999,20.932851499999998,Light
2025-09-13 02:17:12,14,2.8,4.852351944444445,13.586585444444445,Light
2025-09-13 02:22:12,20,4.0,5.209511944444444,20.838047777777778,Light
2025-09-13 02:27:12,15,3.0,6.436708611111111,19.310125833333334,Light
2025-09-13 02:32:12,12,2.4,5.338184722222222,12.81164333333333,Light
2025-09-13 02:37:12,15,3.0,7.923221666666667,23.769665,Light
2025-09-13 02:42:12,10,2.0,7.554390555555556,15.108781111111112,Light
2025-09-13 02:47:12,11,2.2,11.449141111111112,25.188110444444447,Moderate
2025-09-13 03:02:12,19,3.8,5.627681759259259,21.385190685185183,Light
2025-09-13 03:27:12,11,2.2,2.9788924999999997,6.5535635,Normal
2025-09-13 03:42:12,5,1.0,3.5954836111111113,3.5954836111111113,Normal
2025-09-13 03:47:12,9,1.8,3.7123488888888896,6.682228000000001,Normal
2025-09-13 03:57:12,10,2.0,3.2382428703703705,6.476485740740741,Normal
2025-09-13 04:02:12,8,1.6,3.702031944444444,5.92325111111111,Normal
2025-09-13 04:07:12,11,2.2,10.043169166666667,22.09497216666667,Light
2025-09-13 04:12:12,13,2.6,10.327285555555557,26.85094244444445,Moderate
2025-09-13 04:37:12,12,2.4,4.482351111111111,10.757642666666666,Light
2025-09-13 05:02:12,7,1.4,10.131192962962963,14.183670148148147,Light
2025-09-13 05:27:12,10,2.0,2.2739211111111115,4.547842222222223,Normal
2025-09-13 05:37:12,12,2.4,2.0795394444444444,4.990894666666667,Normal
2025-09-13 05:42:12,14,2.8,1.3517822222222222,3.784990222222222,Normal
2025-09-13 05:47:12,20,4.0,4.62598962962963,18.50395851851852,Light
2025-09-13 05:52:12,20,4.0,2.130206388888889,8.520825555555556,Normal
2025-09-13 05:57:12,18,3.6,1.8506883333333335,6.662478000000001,Normal
2025-09-13 06:02:12,15,3.0,2.004012685185185,6.012038055555555,Normal
2025-09-13 06:07:12,19,3.8,1.1142100000000001,4.233998000000001,Normal
2025-09-13 06:12:12,22,4.4,1.5937582407407407,7.012536259259259,Normal
2025-09-13 06:17:12,23,4.6,1.5080905555555553,6.937216555555554,Normal
2025-09-13 06:22:12,15,3.0,1.1051955555555557,3.3155866666666673,Normal
2025-09-13 06:27:12,33,6.6,3.2390861111111113,21.377968333333335,Light
2025-09-13 06:32:12,24,4.8,0.9144177777777777,4.389205333333333,Normal
2025-09-13 06:37:12,37,7.4,0.7879129166666667,5.830555583333334,Normal
2025-09-13 06:42:12,30,6.0,3.4941797222222224,20.965078333333334,Light
2025-09-13 06:47:12,38,7.6,0.5826773333333333,4.428347733333332,Normal
2025-09-13 06:52:12,51,10.2,0.9053557222222222,9.234628366666666,Normal
2025-09-13 06:57:12,47,9.4,1.4072590740740738,13.228235296296294,Light
2025-09-13 07:02:12,46,9.2,1.1311467592592594,10.406550185185186,Light
2025-09-13 07:07:12,30,6.0,1.1869468518518518,7.12168111111111,Normal
2025-09-13 07:12:12,55,11.0,0.8931165277777778,9.824281805555556,Normal
2025-09-13 07:17:12,53,10.6,2.5673807407407407,27.21423585185185,Moderate
2025-09-13 07:22:12,55,11.0,0.6107460555555555,6.7182066111111105,Normal
2025-09-13 07:27:12,56,11.2,2.745483308080808,30.749413050505048,Moderate
2025-09-13 07:32:12,62,12.4,0.45024152777777776,5.582994944444445,Normal
2025-09-13 07:37:12,57,11.4,3.7117113888888893,42.31350983333334,Moderate
2025-09-13 07:42:12,67,13.4,1.6721937962962963,22.40739687037037,Light
2025-09-13 07:47:12,73,14.6,0.34811090277777773,5.082419180555554,Normal
2025-09-13 07:52:12,75,15.0,2.5275965046296296,37.913947569444446,Moderate
2025-09-13 07:57:12,88,17.6,2.745143263888889,48.31452144444445,Moderate
2025-09-13 08:02:12,95,19.0,0.7651439814814813,14.537735648148145,Light
2025-09-13 08:07:12,114,22.8,1.56174623015873,35.607814047619044,Moderate
2025-09-13 08:12:12,86,17.2,2.1287093253968252,36.61380039682539,Moderate
2025-09-13 08:17:12,101,20.2,4.403262592592593,88.94590437037037,Severe
2025-09-13 08:22:12,103,20.6,0.7588476851851852,15.632262314814817,Light
2025-09-13 08:27:12,121,24.2,4.955393912037038,119.92053267129631,Critical
2025-09-13 08:32:12,113,22.6,1.3128279012345678,29.669910567901233,Moderate
2025-09-13 08:37:12,114,22.8,5.413697857142856,123.43231114285713,Critical
2025-09-13 08:42:12,97,19.4,0.40568398148148155,7.8702692407407415,Normal
2025-09-13 08:47:12,117,23.4,4.7204936538461535,110.45955149999999,Critical
2025-09-13 08:52:12,111,22.2,6.106061722222222,135.55457023333332,Critical
2025-09-13 08:57:12,129,25.8,2.049576919191919,52.87908451515151,Severe
2025-09-13 09:02:12,115,23.0,1.0005612847222223,23.012909548611113,Light
2025-09-13 09:07:12,120,24.0,5.915207606837607,141.96498256410257,Critical
2025-09-13 09:12:12,139,27.8,4.53606212962963,126.10252720370372,Critical
2025-09-13 09:17:12,128,25.6,1.7123172222222223,43.835320888888894,Moderate
2025-09-13 09:22:12,139,27.8,2.2118501010101004,61.48943280808079,Severe
2025-09-13 09:27:12,110,22.0,1.9750834126984127,43.45183507936508,Moderate
2025-09-13 09:32:12,115,23.0,0.7334811728395062,16.870066975308642,Light
2025-09-13 09:37:12,122,24.4,6.370173368055555,155.43223018055554,Critical
2025-09-13 09:42:12,141,28.2,1.3698350520833336,38.62934846875,Moderate
2025-09-13 09:47:12,140,28.0,1.8377154166666665,51.45603166666666,Severe
2025-09-13 09:52:12,160,32.0,2.075462482638889,66.41479944444445,Severe
2025-09-13 09:57:12,133,26.6,3.0452195238095237,81.00283933333333,Severe
2025-09-13 10:02:12,117,23.4,2.395374358974359,56.051759999999994,Severe
2025-09-13 10:07:12,88,17.6,4.88218962962963,85.92653748148149,Severe
2025-09-13 10:12:12,120,24.0,8.611127083333335,206.66705000000002,Critical
2025-09-13 10:17:12,134,26.8,4.590879166666666,123.03556166666667,Critical
2025-09-13 10:22:12,129,25.8,6.072200956790123,156.6627846851852,Critical
2025-09-13 10:27:12,122,24.4,2.527148179012346,61.662415567901235,Severe
2025-09-13 10:32:12,141,28.2,3.18007893939394,89.6782260909091,Severe
2025-09-13 10:37:12,121,24.2,1.3767045370370368,33.31624979629629,Moderate
2025-09-13 10:42:12,133,26.6,3.5455613636363634,94.31193227272728,Severe
2025-09-13 10:47:12,125,25.0,3.9056836481481483,97.6420912037037,Severe
2025-09-13 10:52:12,134,26.8,3.083151527777778,82.62846094444446,Severe
2025-09-13 10:57:12,134,26.8,2.6626757407407404,71.35970985185185,Severe
2025-09-13 11:02:12,124,24.8,2.7071718849206348,67.13786274603174,Severe
2025-09-13 11:07:12,129,25.8,5.786111319444444,149.28167204166667,Critical
2025-09-13 11:12:12,157,31.4,2.617960910493827,82.20397258950617,Severe
2025-09-13 11:17:12,117,23.4,2.6924314166666665,63.00289514999999,Severe
2025-09-13 11:22:12,113,22.6,3.876802444444444,87.61573524444444,Severe
2025-09-13 11:27:12,140,28.0,2.220720555555556,62.180175555555564,Severe
2025-09-13 11:32:12,132,26.4,4.001229305555556,105.63245366666668,Critical
2025-09-13 11:37:12,114,22.8,8.915840444444445,203.28116213333334,Critical
2025-09-13 11:42:12,127,25.4,2.007819781746032,50.99862245634921,Severe
2025-09-13 11:47:12,127,25.4,2.2676112896825398,57.59732675793651,Severe
2025-09-13 11:52:12,131,26.2,5.01136904040404,131.29786885858584,Critical
2025-09-13 11:57:12,147,29.4,2.5879686904761905,76.0862795,Severe
2025-09-13 12:02:12,116,23.2,1.4072608055555553,32.648450688888886,Moderate
2025-09-13 12:07:12,135,27.0,4.198314722222223,113.35449750000002,Critical
2025-09-13 12:12:12,147,29.4,2.8543464646464645,83.91778606060605,Severe
2025-09-13 12:17:12,130,26.0,2.217851166666667,57.66413033333335,Severe
2025-09-13 12:22:12,123,24.6,4.551317853535354,111.9624191969697,Critical
2025-09-13 12:27:12,122,24.4,0.543338611111111,13.257462111111108,Light
2025-09-13 12:32:12,133,26.6,2.5475591414141414,67.76507316161617,Severe
2025-09-13 12:37:12,122,24.4,1.8113636111111113,44.19727211111111,Moderate
2025-09-13 12:42:12,133,26.6,2.8296038888888893,75.26746344444446,Severe
2025-09-13 12:47:12,134,26.8,0.6580542857142858,17.63585485714286,Light
2025-09-13 12:52:12,129,25.8,3.6493779444444443,94.15395096666667,Severe
2025-09-13 12:57:12,126,25.2,5.997041875,151.12545525,Critical
2025-09-13 13:02:12,119,23.8,5.886404537037037,140.09642798148147,Critical
2025-09-13 13:07:12,122,24.4,4.724739212962962,115.28363679629628,Critical
2025-09-13 13:12:12,96,19.2,2.992936666666667,57.464384,Severe
2025-09-13 13:17:12,132,26.4,5.544993670634921,146.3878329047619,Critical
2025-09-13 13:22:12,100,20.0,9.875116319444446,197.50232638888892,Critical
2025-09-13 13:27:12,122,24.4,1.885411388888889,46.00403788888889,Moderate
2025-09-13 13:32:12,132,26.4,4.213569166666667,111.238226,Critical
2025-09-13 13:37:12,117,23.4,5.444722430555555,127.40650487499998,Critical
2025-09-13 13:42:12,101,20.2,8.222941262626263,166.1034135050505,Critical
2025-09-13 13:47:12,119,23.8,2.2987083333333334,54.70925833333334,Severe
2025-09-13 13:52:12,103,20.6,6.34246503968254,130.65477981746034,Critical
2025-09-13 13:57:12,111,22.2,2.5005412847222224,55.512016520833335,Severe
2025-09-13 14:02:12,112,22.4,5.656483583333334,126.70523226666668,Critical
2025-09-13 14:07:12,123,24.6,3.7422529861111116,92.05942345833336,Severe
2025-09-13 14:12:12,115,23.0,1.6700435185185183,38.41100092592592,Moderate
2025-09-13 14:17:12,107,21.4,4.468415555555555,95.62409288888887,Severe
2025-09-13 14:22:12,123,24.6,3.987012976190476,98.08051921428572,Severe
2025-09-13 14:27:12,116,23.2,1.9475804938271604,45.18386745679012,Moderate
2025-09-13 14:32:12,139,27.8,3.846244444444445,106.92559555555557,Critical
2025-09-13 14:37:12,149,29.8,2.1173429444444447,63.09681974444445,Severe
2025-09-13 14:42:12,121,24.2,1.4689742499999998,35.549176849999995,Moderate
2025-09-13 14:47:12,122,24.4,3.3424169907407397,81.55497457407404,Severe
2025-09-13 14:52:12,119,23.8,4.383109017094017,104.3179946068376,Critical
2025-09-13 14:57:12,126,25.2,1.505413715277778,37.936425625000005,Moderate
2025-09-13 15:02:12,98,19.6,3.1129967222222223,61.01473575555556,Severe
2025-09-13 15:07:12,123,24.6,2.4663644444444444,60.67256533333333,Severe
2025-09-13 15:12:12,116,23.2,1.084956111111111,25.170981777777776,Moderate
2025-09-13 15:17:12,138,27.6,2.1871797222222216,60.36616033333332,Severe
2025-09-13 15:22:12,123,24.6,4.725906499999999,116.25729989999998,Critical
2025-09-13 15:27:12,125,25.0,2.972294953703704,74.3073738425926,Severe
2025-09-13 15:32:12,137,27.4,2.3580735555555554,64.61121542222222,Severe
2025-09-13 15:37:12,98,19.6,1.519939652777778,29.79081719444445,Moderate
2025-09-13 15:42:12,135,27.0,3.06305775,82.70255925000001,Severe
2025-09-13 15:47:12,98,19.6,0.6929599444444445,13.582014911111115,Light
2025-09-13 15:52:12,113,22.6,4.625965679012345,104.546824345679,Critical
2025-09-13 15:57:12,113,22.6,2.4290728571428573,54.897046571428575,Severe
2025-09-13 16:02:12,116,23.2,0.723456875,16.7841995,Light
2025-09-13 16:07:12,125,25.0,0.9456772979797979,23.64193244949495,Light
2025-09-13 16:12:12,125,25.0,2.686339419191919,67.15848547979797,Severe
2025-09-13 16:17:12,105,21.0,3.621908277777778,76.06007383333333,Severe
2025-09-13 16:22:12,126,25.2,2.9880629629629634,75.29918666666667,Severe
2025-09-13 16:27:12,126,25.2,2.568755055555555,64.73262739999998,Severe
2025-09-13 16:32:12,123,24.6,2.8168989166666667,69.29571335,Severe
2025-09-13 16:37:12,105,21.0,2.265498611111111,47.575470833333334,Moderate
2025-09-13 16:42:12,116,23.2,5.409103166666666,125.49119346666666,Critical
2025-09-13 16:47:12,109,21.8,3.3643986388888885,73.34389032777777,Severe
2025-09-13 16:52:12,83,16.6,4.143761736111111,68.78644481944445,Severe
2025-09-13 16:57:12,92,18.4,6.372456493055555,117.2531994722222,Critical
2025-09-13 17:02:12,63,12.6,5.0354725,63.4469535,Severe
2025-09-13 17:07:12,71,14.2,6.5038007870370365,92.3539711759259,Severe
2025-09-13 17:12:12,82,16.4,4.449146851851852,72.96600837037036,Severe
2025-09-13 17:17:12,87,17.4,5.568451746031745,96.89106038095235,Severe
2025-09-13 17:22:12,70,14.0,5.075482326388889,71.05675256944446,Severe
2025-09-13 17:27:12,78,15.6,4.553823101851852,71.03964038888888,Severe
2025-09-13 17:32:12,86,17.2,3.681901574074074,63.32870707407407,Severe
2025-09-13 17:37:12,83,16.6,7.540091203703704,125.1655139814815,Critical
2025-09-13 17:42:12,67,13.4,3.448094861111111,46.20447113888889,Moderate
2025-09-13 17:47:12,90,18.0,6.792542916666665,122.26577249999997,Critical
2025-09-13 17:52:12,86,17.2,8.032919055555556,138.16620775555558,Critical
2025-09-13 17:57:12,71,14.2,6.449155601851852,91.5780095462963,Severe
2025-09-13 18:02:12,85,17.0,5.869441076388889,99.78049829861112,Severe
2025-09-13 18:07:12,75,15.0,5.538615709876543,83.07923564814816,Severe
2025-09-13 18:12:12,83,16.6,3.8778423015873016,64.37218220634921,Severe
2025-09-13 18:17:12,84,16.8,5.343825046296296,89.77626077777778,Severe
2025-09-13 18:22:12,70,14.0,5.233464305555556,73.26850027777778,Severe
2025-09-13 18:27:12,81,16.2,7.789524375,126.19029487499999,Critical
2025-09-13 18:32:12,83,16.6,6.045983638888889,100.36332840555556,Critical
2025-09-13 18:37:12,76,15.2,8.918694277777776,135.5641530222222,Critical
2025-09-13 18:42:12,81,16.2,5.373092388888889,87.0440967,Severe
2025-09-13 18:47:12,84,16.8,3.0699308333333333,51.574838,Severe
2025-09-13 18:52:12,75,15.0,4.788500388888889,71.82750583333333,Severe
2025-09-13 18:57:12,72,14.4,3.125324833333333,45.004677599999994,Moderate
2025-09-13 19:02:12,83,16.6,6.042262430555555,100.30155634722222,Critical
2025-09-13 19:07:12,95,19.0,5.90310996031746,112.15908924603174,Critical
2025-09-13 19:12:12,85,17.0,6.034363888888889,102.58418611111111,Critical
2025-09-13 19:17:12,90,18.0,2.0631,37.135799999999996,Moderate
2025-09-13 19:22:12,116,23.2,4.52688840909091,105.0238110909091,Critical
2025-09-13 19:27:12,74,14.8,4.917823796296296,72.78379218518518,Severe
2025-09-13 19:32:12,85,17.0,5.397994111111111,91.7658998888889,Severe
2025-09-13 19:37:12,77,15.4,3.391168492063492,52.22399477777778,Severe
2025-09-13 19:42:12,70,14.0,5.051210079365079,70.71694111111111,Severe
2025-09-13 19:47:12,78,15.6,6.154638263888889,96.01235691666666,Severe
2025-09-13 19:52:12,76,15.2,5.781524583333334,87.87917366666667,Severe
2025-09-13 19:57:12,91,18.2,4.4463446875,80.9234733125,Severe
2025-09-13 20:02:12,92,18.4,3.867495679012346,71.16192049382715,Severe
2025-09-13 20:07:12,79,15.8,2.282376944444444,36.06155572222222,Moderate
2025-09-13 20:12:12,81,16.2,9.455285925925926,153.175632,Critical
2025-09-13 20:17:12,100,20.0,2.2103637121212123,44.20727424242425,Moderate
2025-09-13 20:22:12,84,16.8,3.5296063888888893,59.29738733333334,Severe
2025-09-13 20:27:12,83,16.6,4.108128293650793,68.19492967460317,Severe
2025-09-13 20:32:12,85,17.0,5.65442,96.12514,Severe
2025-09-13 20:37:12,108,21.6,7.697643549382716,166.26910066666667,Critical
2025-09-13 20:42:12,82,16.4,7.1082545987654315,116.57537541975307,Critical
2025-09-13 20:47:12,110,22.0,7.352875520833334,161.76326145833335,Critical
2025-09-13 20:52:12,88,17.6,7.161472103174603,126.04190901587302,Critical
2025-09-13 20:57:12,97,19.4,7.483442999999999,145.17879419999997,Critical
2025-09-13 21:02:12,97,19.4,6.037311157407408,117.1238364537037,Critical
2025-09-13 21:07:12,76,15.2,5.137538500000001,78.0905852,Severe
2025-09-13 21:12:12,93,18.6,6.389312196969696,118.84120686363636,Critical
2025-09-13 21:17:12,114,22.8,5.912201035353535,134.7981836060606,Critical
2025-09-13 21:22:12,96,19.2,7.870360092592592,151.11091377777777,Critical
2025-09-13 21:27:12,85,17.0,6.957691770833334,118.28076010416667,Critical
2025-09-13 21:32:12,101,20.2,5.62422987654321,113.60944350617284,Critical
2025-09-13 21:37:12,93,18.6,5.880663444444445,109.38034006666669,Critical
2025-09-13 21:42:12,93,18.6,5.407109652777778,100.57223954166668,Critical
2025-09-13 21:47:12,116,23.2,4.522110625,104.9129665,Critical
2025-09-13 21:52:12,95,19.0,4.8979595,93.0612305,Severe
2025-09-13 21:57:12,82,16.4,6.815867222222222,111.78022244444443,Critical
2025-09-13 22:02:12,82,16.4,3.922135,64.32301399999999,Severe
2025-09-13 22:07:12,102,20.4,4.775342291666666,97.41698274999999,Severe
2025-09-13 22:12:12,91,18.2,5.141246493055556,93.57068617361112,Severe
2025-09-13 22:17:12,78,15.6,4.377788222222222,68.29349626666665,Severe
2025-09-13 22:22:12,69,13.8,4.767929861111111,65.79743208333333,Severe
2025-09-13 22:27:12,78,15.6,4.292545944444444,66.96371673333333,Severe
2025-09-13 22:32:12,85,17.0,5.035632037037037,85.60574462962963,Severe
2025-09-13 22:37:12,88,17.6,11.241880333333334,197.8570938666667,Critical
2025-09-13 22:42:12,94,18.8,4.860634759259259,91.37993347407408,Severe
2025-09-13 22:47:12,83,16.6,6.6685381944444435,110.69773402777777,Critical
2025-09-13 22:52:12,90,18.0,3.96928762345679,71.44717722222222,Severe
2025-09-13 22:57:12,74,14.8,3.326887962962963,49.23794185185185,Moderate
2025-09-13 23:02:12,84,16.8,4.156579340277777,69.83053291666666,Severe
2025-09-13 23:07:12,72,14.4,4.1043639351851855,59.10284066666667,Severe
2025-09-13 23:12:12,74,14.8,6.132596277777778,90.76242491111113,Severe
2025-09-13 23:17:12,76,15.2,4.065429259259259,61.79452474074074,Severe
2025-09-13 23:22:12,67,13.4,4.516366071428572,60.51930535714287,Severe
2025-09-13 23:27:12,67,13.4,3.3701880555555563,45.16051994444446,Moderate
2025-09-13 23:32:12,70,14.0,3.9005860555555554,54.60820477777777,Severe
2025-09-13 23:37:12,74,14.8,4.028316944444445,59.619090777777785,Severe
2025-09-13 23:42:12,67,13.4,5.079742569444445,68.06855043055556,Severe
2025-09-13 23:47:12,46,9.2,5.219029444444446,48.01507088888889,Moderate
2025-09-13 23:52:12,59,11.8,4.234479166666667,49.96685416666667,Moderate
2025-09-13 23:57:12,58,11.6,3.409048373015873,39.54496112698413,Moderate
2025-09-14 00:02:12,38,7.6,6.198813055555556,47.11097922222223,Moderate
2025-09-14 00:07:12,42,8.4,2.9711269444444444,24.957466333333333,Light
2025-09-14 00:12:12,31,6.2,1.9095675,11.839318500000001,Light
2025-09-14 00:17:12,36,7.2,10.448360277777777,75.228194,Severe
2025-09-14 00:22:12,36,7.2,6.5326547222222215,47.03511399999999,Moderate
2025-09-14 00:27:12,38,7.6,3.0862492777777777,23.45549451111111,Light
2025-09-14 00:32:12,26,5.2,5.324756805555555,27.68873538888889,Moderate
2025-09-14 00:37:12,36,7.2,1.7825668055555552,12.834480999999998,Light
2025-09-14 00:42:12,33,6.6,7.868365277777778,51.93121083333333,Severe
2025-09-14 00:47:12,30,6.0,4.062470333333334,24.374822,Light
2025-09-14 00:57:12,31,6.2,6.747987361111112,41.837521638888894,Moderate
2025-09-14 01:02:12,30,6.0,2.041747037037037,12.250482222222221,Light
2025-09-14 01:07:12,37,7.4,1.8193830555555557,13.463434611111113,Light
2025-09-14 01:12:12,25,5.0,2.380252986111111,11.901264930555556,Light
2025-09-14 01:22:12,20,4.0,6.43254287037037,25.73017148148148,Moderate
2025-09-14 01:27:12,23,4.6,2.7831622222222223,12.802546222222222,Light
2025-09-14 01:37:12,22,4.4,12.376072222222223,54.45471777777779,Severe
2025-09-14 01:42:12,21,4.2,0.3826866666666667,1.6072840000000002,Normal
2025-09-14 01:47:12,25,5.0,4.637919444444444,23.18959722222222,Light
2025-09-14 01:57:12,12,2.4,0.6849902777777779,1.6439766666666669,Normal
2025-09-14 02:02:12,13,2.6,1.3011241666666666,3.382922833333333,Normal
2025-09-14 02:17:12,15,3.0,2.0336258333333332,6.100877499999999,Normal
2025-09-14 02:22:12,13,2.6,3.437505555555556,8.937514444444446,Normal
2025-09-14 02:32:12,22,4.4,6.900850277777777,30.36374122222222,Moderate
2025-09-14 02:37:12,12,2.4,1.5323809259259258,3.677714222222222,Normal
2025-09-14 02:42:12,6,1.2,15.06743388888889,18.080920666666668,Light
2025-09-14 02:47:12,10,2.0,26.829966944444443,53.65993388888889,Severe
2025-09-14 02:52:12,10,2.0,0.6339925,1.267985,Normal
2025-09-14 02:57:12,8,1.6,0.7311422222222222,1.1698275555555557,Normal
2025-09-14 03:02:12,11,2.2,0.42799694444444447,0.9415932777777779,Normal
2025-09-14 03:17:12,6,1.2,4.298361111111111,5.158033333333333,Normal
2025-09-14 03:27:12,8,1.6,5.322363333333334,8.515781333333335,Normal
2025-09-14 03:42:12,11,2.2,0.6724944444444444,1.4794877777777777,Normal
2025-09-14 03:47:12,10,2.0,1.346801388888889,2.693602777777778,Normal
2025-09-14 03:57:12,16,3.2,1.815447222222222,5.8094311111111105,Normal
2025-09-14 04:17:12,19,3.8,3.0653272222222228,11.648243444444446,Light
2025-09-14 04:27:12,5,1.0,5.081412222222222,5.081412222222222,Normal
2025-09-14 04:32:12,11,2.2,1.3431041666666668,2.9548291666666673,Normal
2025-09-14 04:37:12,15,3.0,0.48091833333333334,1.442755,Normal
2025-09-14 04:42:12,11,2.2,0.650775,1.431705,Normal
2025-09-14 04:47:12,10,2.0,0.33902777777777776,0.6780555555555555,Normal
2025-09-14 04:57:12,11,2.2,5.6557320833333335,12.442610583333336,Light
2025-09-14 05:02:12,12,2.4,4.466700972222222,10.720082333333332,Light
2025-09-14 05:27:12,10,2.0,9.460312222222223,18.920624444444446,Light
2025-09-14 05:37:12,18,3.6,8.514033333333334,30.650520000000004,Moderate
2025-09-14 05:52:12,13,2.6,1.6377258333333333,4.258087166666667,Normal
2025-09-14 05:57:12,12,2.4,2.765350555555556,6.636841333333334,Normal
2025-09-14 06:02:12,22,4.4,1.6412646296296296,7.221564370370371,Normal
2025-09-14 06:07:12,13,2.6,0.9913705555555555,2.5775634444444444,Normal
2025-09-14 06:12:12,26,5.2,22.679603333333333,117.93393733333333,Critical
2025-09-14 06:17:12,26,5.2,1.4528958333333333,7.555058333333333,Normal
2025-09-14 06:22:12,25,5.0,1.159358611111111,5.796793055555555,Normal
2025-09-14 06:27:12,29,5.8,3.2752199074074073,18.996275462962963,Light
2025-09-14 06:32:12,29,5.8,0.9921441666666666,5.754436166666666,Normal
2025-09-14 06:37:12,36,7.2,1.7681708333333332,12.73083,Light
2025-09-14 06:47:12,39,7.8,0.4633224074074074,3.6139147777777776,Normal
2025-09-14 06:52:12,41,8.2,2.454564722222222,20.12743072222222,Light
2025-09-14 06:57:12,36,7.2,0.6084406481481481,4.380772666666667,Normal
2025-09-14 07:02:12,36,7.2,0.817503611111111,5.886025999999999,Normal
2025-09-14 07:07:12,49,9.8,2.5519652777777777,25.00925972222222,Moderate
2025-09-14 07:12:12,51,10.2,6.794953298611111,69.30852364583333,Severe
2025-09-14 07:17:12,48,9.6,1.4333587499999998,13.760243999999998,Light
2025-09-14 07:22:12,69,13.8,1.1716790555555554,16.169170966666666,Light
2025-09-14 07:27:12,47,9.4,1.339444652777778,12.590779736111113,Light
2025-09-14 07:32:12,55,11.0,4.553603703703704,50.08964074074075,Severe
2025-09-14 07:37:12,60,12.0,0.514187986111111,6.170255833333332,Normal
2025-09-14 07:42:12,74,14.8,6.151084212962962,91.03604635185184,Severe
2025-09-14 07:47:12,72,14.4,0.5571608888888889,8.0231168,Normal
2025-09-14 07:52:12,75,15.0,6.716012430555556,100.74018645833334,Critical
2025-09-14 07:57:12,84,16.8,2.758468611111111,46.34227266666667,Moderate
2025-09-14 08:02:12,91,18.2,4.877392569444444,88.76854476388888,Severe
2025-09-14 08:07:12,79,15.8,1.2325297916666667,19.473970708333333,Light
2025-09-14 08:12:12,98,19.6,8.700818333333332,170.53603933333332,Critical
2025-09-14 08:17:12,90,18.0,2.1028742708333334,37.851736875,Moderate
2025-09-14 08:22:12,87,17.4,3.8344432575757583,66.7193126818182,Severe
2025-09-14 08:27:12,95,19.0,2.141506458333333,40.688622708333334,Moderate
2025-09-14 08:32:12,99,19.8,1.6548491666666665,32.7660135,Moderate
2025-09-14 08:37:12,121,24.2,2.6172359567901236,63.33711015432099,Severe
2025-09-14 08:42:12,130,26.0,1.724685,44.84181,Moderate
2025-09-14 08:47:12,101,20.2,4.639017424242424,93.70815196969697,Severe
2025-09-14 08:52:12,105,21.0,2.7288138888888884,57.305091666666655,Severe
2025-09-14 08:57:12,118,23.6,0.7538597839506173,17.79109090123457,Light
2025-09-14 09:02:12,118,23.6,2.475600050505051,58.424161191919204,Severe
2025-09-14 09:07:12,109,21.8,1.6556296666666666,36.09272673333333,Moderate
2025-09-14 09:12:12,123,24.6,1.4178977638888888,34.88028499166666,Moderate
2025-09-14 09:17:12,106,21.2,5.739016666666668,121.66715333333336,Critical
2025-09-14 09:22:12,132,26.4,3.6605621604938268,96.63884103703703,Severe
2025-09-14 09:27:12,140,28.0,6.027256041666666,168.76316916666664,Critical
2025-09-14 09:32:12,132,26.4,2.918507474747474,77.04859733333332,Severe
2025-09-14 09:37:12,130,26.0,4.449604469696969,115.6897162121212,Critical
2025-09-14 09:42:12,105,21.0,1.4736196153846153,30.94601192307692,Moderate
2025-09-14 09:47:12,162,32.4,1.603199513888889,51.943664250000005,Severe
2025-09-14 09:52:12,153,30.6,4.170827222222222,127.627313,Critical
2025-09-14 09:57:12,133,26.6,2.3266745,61.88954170000001,Severe
2025-09-14 10:02:12,117,23.4,4.939102638888889,115.57500174999998,Critical
2025-09-14 10:07:12,109,21.8,4.529281736111112,98.73834184722224,Severe
2025-09-14 10:12:12,145,29.0,1.517582888888889,44.00990377777778,Moderate
2025-09-14 10:17:12,118,23.6,2.875702083333334,67.8665691666667,Severe
2025-09-14 10:22:12,150,30.0,3.385911547619048,101.57734642857145,Critical
2025-09-14 10:27:12,154,30.8,3.4104768686868683,105.04268755555555,Critical
2025-09-14 10:32:12,149,29.8,2.381131666666667,70.95772366666668,Severe
2025-09-14 10:37:12,145,29.0,4.184651888888888,121.35490477777776,Critical
2025-09-14 10:42:12,135,27.0,3.6877195634920636,99.56842821428572,Severe
2025-09-14 10:47:12,148,29.6,4.668000359477124,138.17281064052287,Critical
2025-09-14 10:52:12,129,25.8,1.7661413333333333,45.566446400000004,Moderate
2025-09-14 10:57:12,146,29.2,4.009259083333333,117.07036523333333,Critical
2025-09-14 11:02:12,143,28.6,5.932944111111111,169.6822015777778,Critical
2025-09-14 11:07:12,141,28.2,6.193813749999999,174.66554774999994,Critical
2025-09-14 11:12:12,150,30.0,3.1896783838383844,95.69035151515153,Severe
2025-09-14 11:17:12,161,32.2,1.977933125,63.68944662500001,Severe
2025-09-14 11:22:12,140,28.0,1.0552100213675213,29.545880598290594,Moderate
2025-09-14 11:27:12,160,32.0,2.561107277777778,81.9554328888889,Severe
2025-09-14 11:32:12,140,28.0,3.389131726190476,94.89568833333333,Severe
2025-09-14 11:37:12,136,27.2,1.8608717857142856,50.61571257142857,Severe
2025-09-14 11:42:12,129,25.8,1.795155805555556,46.31501978333335,Moderate
2025-09-14 11:47:12,149,29.8,1.2249593518518516,36.50378868518518,Moderate
2025-09-14 11:52:12,162,32.4,1.8280773148148148,59.229704999999996,Severe
2025-09-14 11:57:12,135,27.0,3.034042203703704,81.91913950000001,Severe
2025-09-14 12:02:12,142,28.4,3.243116444444444,92.10450702222221,Severe
2025-09-14 12:07:12,141,28.2,2.520351638888889,71.07391621666667,Severe
2025-09-14 12:12:12,168,33.6,1.5833229938271607,53.1996525925926,Severe
2025-09-14 12:17:12,187,37.4,1.6961231060606061,63.435004166666666,Severe
2025-09-14 12:22:12,140,28.0,2.4719313194444448,69.21407694444446,Severe
2025-09-14 12:27:12,151,30.2,3.1759806597222227,95.91461592361112,Severe
2025-09-14 12:32:12,138,27.6,1.4690977525252529,40.547097969696985,Moderate
2025-09-14 12:37:12,153,30.6,2.3689516161616164,72.48991945454547,Severe
2025-09-14 12:42:12,141,28.2,0.8566892424242424,24.158636636363635,Light
2025-09-14 12:47:12,170,34.0,3.298476726190476,112.1482086904762,Critical
2025-09-14 12:52:12,160,32.0,3.0845664814814815,98.70612740740741,Severe
2025-09-14 12:57:12,145,29.0,6.137554027777777,177.98906680555552,Critical
2025-09-14 13:02:12,127,25.4,5.6395562037037035,143.24472757407406,Critical
2025-09-14 13:07:12,112,22.4,3.1205714197530865,69.90079980246914,Severe
2025-09-14 13:12:12,120,24.0,1.90384875,45.692370000000004,Moderate
2025-09-14 13:17:12,130,26.0,4.9439993589743585,128.54398333333333,Critical
2025-09-14 13:22:12,125,25.0,2.3540887301587303,58.85221825396826,Severe
2025-09-14 13:27:12,156,31.2,1.4132187626262624,44.092425393939386,Moderate
2025-09-14 13:32:12,152,30.4,4.364362083333334,132.67660733333335,Critical
2025-09-14 13:37:12,165,33.0,0.8707538888888889,28.734878333333334,Moderate
2025-09-14 13:42:12,137,27.4,1.7424183333333336,47.742262333333336,Moderate
2025-09-14 13:47:12,125,25.0,4.723714421296296,118.0928605324074,Critical
2025-09-14 13:52:12,156,31.2,0.7313732142857142,22.818844285714285,Light
2025-09-14 13:57:12,138,27.6,3.5899864444444445,99.08362586666668,Severe
2025-09-14 14:02:12,154,30.8,1.6398741666666665,50.50812433333333,Severe
2025-09-14 14:07:12,146,29.2,3.877284428104575,113.21670530065359,Critical
2025-09-14 14:12:12,143,28.6,2.4992885833333336,71.47965348333335,Severe
2025-09-14 14:17:12,144,28.8,4.141092472222223,119.26346320000002,Critical
2025-09-14 14:22:12,151,30.2,1.9429725595238094,58.677771297619046,Severe
2025-09-14 14:27:12,150,30.0,2.7442264166666672,82.32679250000001,Severe
2025-09-14 14:32:12,141,28.2,2.5806841025641023,72.77529169230769,Severe
2025-09-14 14:37:12,162,32.4,2.627265238095238,85.12339371428571,Severe
2025-09-14 14:42:12,136,27.2,2.871624259259259,78.10817985185184,Severe
2025-09-14 14:47:12,135,27.0,2.7347965104166665,73.83950578125,Severe
2025-09-14 14:52:12,119,23.8,4.089002777777778,97.31826611111111,Severe
2025-09-14 14:57:12,148,29.6,3.3088617708333334,97.94230841666668,Severe
2025-09-14 15:02:12,150,30.0,3.0356689351851855,91.07006805555557,Severe
2025-09-14 15:07:12,154,30.8,3.892341666666667,119.88412333333333,Critical
2025-09-14 15:12:12,154,30.8,4.2080140625,129.606833125,Critical
2025-09-14 15:17:12,155,31.0,5.414238541666666,167.84139479166666,Critical
2025-09-14 15:22:12,142,28.4,2.500490777777778,71.01393808888889,Severe
2025-09-14 15:27:12,142,28.4,2.1784151388888886,61.866989944444434,Severe
2025-09-14 15:32:12,156,31.2,3.3457017063492063,104.38589323809524,Critical
2025-09-14 15:37:12,143,28.6,2.6841160833333335,76.76571998333334,Severe
2025-09-14 15:42:12,125,25.0,3.023371083333333,75.58427708333333,Severe
2025-09-14 15:47:12,156,31.2,1.6246225505050507,50.68822357575758,Severe
2025-09-14 15:52:12,134,26.8,2.292455092592592,61.43779648148147,Severe
2025-09-14 15:57:12,143,28.6,2.6146376041666666,74.77863547916667,Severe
2025-09-14 16:02:12,126,25.2,0.6371255555555556,16.055564,Light
2025-09-14 16:07:12,115,23.0,3.7917097685185186,87.20932467592593,Severe
2025-09-14 16:12:12,136,27.2,2.611978482905983,71.04581473504274,Severe
2025-09-14 16:17:12,132,26.4,3.328203511904762,87.86457271428571,Severe
2025-09-14 16:22:12,114,22.8,0.8429694444444444,19.219703333333335,Light
2025-09-14 16:27:12,133,26.6,1.6207859375,43.1129059375,Moderate
2025-09-14 16:32:12,126,25.2,4.140748989898991,104.34687454545457,Critical
2025-09-14 16:37:12,154,30.8,3.40620900462963,104.91123734259261,Critical
2025-09-14 16:42:12,149,29.8,2.8777496296296303,85.75693896296299,Severe
2025-09-14 16:47:12,160,32.0,2.812376527777778,89.9960488888889,Severe
2025-09-14 16:52:12,163,32.6,1.9488381944444444,63.53212513888889,Severe
2025-09-14 16:57:12,134,26.8,3.053690902777777,81.83891619444442,Severe
2025-09-14 17:02:12,103,20.6,6.226083194444444,128.25731380555555,Critical
2025-09-14 17:07:12,102,20.4,3.6999024537037033,75.47801005555554,Severe
2025-09-14 17:12:12,107,21.4,5.201247301587301,111.30669225396824,Critical
2025-09-14 17:17:12,112,22.4,8.340466203703704,186.82644296296294,Critical
2025-09-14 17:22:12,101,20.2,4.011134722222223,81.0249213888889,Severe
2025-09-14 17:27:12,90,18.0,7.453340666666667,134.160132,Critical
2025-09-14 17:32:12,89,17.8,6.8809914999999995,122.4816487,Critical
2025-09-14 17:37:12,90,18.0,3.736444305555555,67.25599749999999,Severe
2025-09-14 17:42:12,93,18.6,4.7923562037037035,89.1378253888889,Severe
2025-09-14 17:47:12,109,21.8,5.04572962962963,109.99690592592593,Critical
2025-09-14 17:52:12,88,17.6,6.0347276388888895,106.21120644444447,Critical
2025-09-14 17:57:12,104,20.8,6.280481141975309,130.63400775308642,Critical
2025-09-14 18:02:12,100,20.0,5.268798722222223,105.37597444444445,Critical
2025-09-14 18:07:12,103,20.6,3.9709875347222225,81.80234321527779,Severe
2025-09-14 18:12:12,96,19.2,4.228518888888889,81.18756266666666,Severe
2025-09-14 18:17:12,88,17.6,6.884667430555555,121.17014677777777,Critical
2025-09-14 18:22:12,110,22.0,7.726623803418804,169.9857236752137,Critical
2025-09-14 18:27:12,101,20.2,3.782670277777778,76.40993961111111,Severe
2025-09-14 18:32:12,97,19.4,5.433376277777778,105.40749978888888,Critical
2025-09-14 18:37:12,97,19.4,5.947275216049383,115.37713919135803,Critical
2025-09-14 18:42:12,99,19.8,4.379127685185185,86.70672816666666,Severe
2025-09-14 18:47:12,106,21.2,4.011952993827161,85.05340346913582,Severe
2025-09-14 18:52:12,117,23.4,7.877308055555555,184.3290085,Critical
2025-09-14 18:57:12,110,22.0,4.467221464646465,98.27887222222222,Severe
2025-09-14 19:02:12,111,22.2,5.278748506944444,117.18821685416665,Critical
2025-09-14 19:07:12,93,18.6,5.5052175,102.3970455,Critical
2025-09-14 19:12:12,118,23.6,2.6495074999999995,62.52837699999999,Severe
2025-09-14 19:17:12,119,23.8,3.62018952020202,86.16051058080808,Severe
2025-09-14 19:22:12,121,24.2,5.057279074074074,122.38615359259259,Critical
2025-09-14 19:27:12,114,22.8,4.252846419753086,96.96489837037038,Severe
2025-09-14 19:32:12,130,26.0,3.8236435317460318,99.41473182539683,Severe
2025-09-14 19:37:12,116,23.2,6.46737875,150.043187,Critical
2025-09-14 19:42:12,116,23.2,8.99772623015873,208.74724853968252,Critical
2025-09-14 19:47:12,110,22.0,9.211247407407406,202.64744296296294,Critical
2025-09-14 19:52:12,92,18.4,8.812671990740741,162.15316462962963,Critical
2025-09-14 19:57:12,112,22.4,7.878267575757576,176.4731936969697,Critical
2025-09-14 20:02:12,113,22.6,8.926182222222224,201.73171822222227,Critical
2025-09-14 20:07:12,122,24.4,7.030127916666667,171.53512116666667,Critical
2025-09-14 20:12:12,122,24.4,8.076391194444444,197.0639451444444,Critical
2025-09-14 20:17:12,123,24.6,7.251725277777778,178.39244183333335,Critical
2025-09-14 20:22:12,114,22.8,7.6440512698412695,174.28436895238096,Critical
2025-09-14 20:27:12,142,28.4,7.500653762626263,213.01856685858587,Critical
2025-09-14 20:32:12,150,30.0,7.220152373737373,216.6045712121212,Critical
2025-09-14 20:37:12,104,20.8,7.431547575757576,154.57618957575758,Critical
2025-09-14 20:42:12,134,26.8,9.024993923611111,241.8698371527778,Critical
2025-09-14 20:47:12,146,29.2,7.01770300925926,204.9169278703704,Critical
2025-09-14 20:52:12,124,24.8,7.519699236111111,186.48854105555557,Critical
2025-09-14 20:57:12,140,28.0,7.037139598765433,197.0399087654321,Critical
2025-09-14 21:02:12,119,23.8,6.904884375,164.336248125,Critical
2025-09-14 21:07:12,117,23.4,7.1608085416666665,167.56291987499998,Critical
2025-09-14 21:12:12,136,27.2,8.858070868055556,240.93952761111112,Critical
2025-09-14 21:17:12,116,23.2,6.799671041666667,157.75236816666666,Critical
2025-09-14 21:22:12,118,23.6,7.123825111111111,168.12227262222223,Critical
2025-09-14 21:27:12,111,22.2,6.987520555555556,155.12295633333335,Critical
2025-09-14 21:32:12,138,27.6,6.932650029239765,191.34114080701752,Critical
2025-09-14 21:37:12,142,28.4,6.7173225,190.77195899999998,Critical
2025-09-14 21:42:12,132,26.4,6.458320790598291,170.49966887179488,Critical
2025-09-14 21:47:12,129,25.8,5.11343712962963,131.92667794444446,Critical
2025-09-14 21:52:12,99,19.8,7.126891458333334,141.112450875,Critical
2025-09-14 21:57:12,126,25.2,5.872231262626262,147.98022781818182,Critical
2025-09-14 22:02:12,122,24.4,5.756881626984127,140.46791169841268,Critical
2025-09-14 22:07:12,115,23.0,7.302744548611112,167.96312461805556,Critical
2025-09-14 22:12:12,92,18.4,6.213501712962963,114.32843151851851,Critical
2025-09-14 22:17:12,107,21.4,5.200196882716049,111.28421329012343,Critical
2025-09-14 22:22:12,113,22.6,5.1144743253968254,115.58711975396827,Critical
2025-09-14 22:27:12,107,21.4,4.456608888888889,95.37143022222222,Severe
2025-09-14 22:32:12,99,19.8,6.085819924242425,120.49923450000001,Critical
2025-09-14 22:37:12,108,21.6,4.64880630952381,100.41421628571429,Critical
2025-09-14 22:42:12,99,19.8,6.228410674603174,123.32253135714286,Critical
2025-09-14 22:47:12,102,20.4,5.487822333333333,111.95157559999998,Critical
2025-09-14 22:52:12,100,20.0,3.7980058796296294,75.96011759259258,Severe
2025-09-14 22:57:12,86,17.2,4.364470793650794,75.06889765079364,Severe
2025-09-14 23:02:12,72,14.4,6.292596875,90.613395,Severe
2025-09-14 23:07:12,81,16.2,6.553291701388889,106.16332556249999,Critical
2025-09-14 23:12:12,82,16.4,5.2519715625000005,86.132333625,Severe
2025-09-14 23:17:12,75,15.0,4.092376611111111,61.38564916666666,Severe
2025-09-14 23:22:12,68,13.6,3.846660753968254,52.31458625396825,Severe
2025-09-14 23:27:12,68,13.6,4.227000666666666,57.48720906666666,Severe
2025-09-14 23:32:12,62,12.4,4.514280252525253,55.977075131313136,Severe
2025-09-14 23:37:12,67,13.4,5.511985324074074,73.8606033425926,Severe
2025-09-14 23:42:12,67,13.4,3.045222916666667,40.805987083333335,Moderate
2025-09-14 23:47:12,61,12.2,4.1338778703703705,50.43331001851852,Severe
2025-09-14 23:52:12,70,14.0,4.047314583333334,56.662404166666676,Severe
2025-09-14 23:57:12,63,12.6,2.746909222222222,34.61105619999999,Moderate
2025-09-15 00:02:12,39,7.8,1.0381008333333335,8.097186500000001,Normal
2025-09-15 00:07:12,31,6.2,4.645379444444445,28.80135255555556,Moderate
2025-09-15 00:12:12,30,6.0,0.619255,3.71553,Normal
2025-09-15 00:17:12,22,4.4,8.711621666666668,38.33113533333334,Moderate
2025-09-15 00:22:12,24,4.8,9.309903796296295,44.687538222222216,Moderate
2025-09-15 00:27:12,20,4.0,6.2971200000000005,25.188480000000002,Moderate
2025-09-15 00:32:12,23,4.6,0.6052175,2.7840004999999994,Normal
2025-09-15 00:37:12,16,3.2,1.7676766666666666,5.656565333333333,Normal
2025-09-15 00:42:12,33,6.6,7.685267916666667,50.722768249999994,Severe
2025-09-15 00:47:12,30,6.0,3.284985,19.70991,Light
2025-09-15 00:52:12,28,5.6,17.409777916666666,97.49475633333333,Severe
2025-09-15 00:57:12,23,4.6,7.274446875,33.462455625,Moderate
2025-09-15 01:07:12,28,5.6,5.983459166666667,33.50737133333333,Moderate
2025-09-15 01:12:12,26,5.2,7.3531625,38.236445,Moderate
2025-09-15 01:22:12,24,4.8,2.8130163888888893,13.502478666666669,Light
2025-09-15 01:27:12,16,3.2,0.6926583333333334,2.216506666666667,Normal
2025-09-15 01:32:12,13,2.6,10.455514583333333,27.184337916666667,Moderate
2025-09-15 01:37:12,16,3.2,17.50002138888889,56.00006844444445,Severe
2025-09-15 01:42:12,21,4.2,3.5363544444444437,14.852688666666664,Light
2025-09-15 01:47:12,20,4.0,5.066002430555556,20.264009722222223,Light
2025-09-15 01:52:12,11,2.2,1.8842116666666666,4.145265666666667,Normal
2025-09-15 02:07:12,10,2.0,5.609036944444444,11.218073888888888,Light
2025-09-15 02:17:12,12,2.4,0.7160180555555555,1.7184433333333333,Normal
2025-09-15 02:27:12,19,3.8,0.8782708333333333,3.3374291666666664,Normal
2025-09-15 02:42:12,12,2.4,1.4151447222222222,3.3963473333333334,Normal
2025-09-15 02:47:12,10,2.0,6.3068775,12.613755,Light
2025-09-15 02:52:12,19,3.8,3.3457869444444444,12.713990388888888,Light
2025-09-15 03:07:12,5,1.0,1.09263,1.09263,Normal
2025-09-15 03:37:12,8,1.6,8.135307222222222,13.016491555555556,Light
2025-09-15 03:47:12,15,3.0,1.6585869444444445,4.975760833333334,Normal
2025-09-15 03:52:12,12,2.4,1.3907946296296294,3.3379071111111105,Normal
2025-09-15 03:57:12,10,2.0,1.5370475,3.074095,Normal
2025-09-15 04:07:12,11,2.2,1.675186388888889,3.685410055555556,Normal
2025-09-15 04:12:12,11,2.2,6.182976388888888,13.602548055555555,Light
2025-09-15 04:27:12,11,2.2,0.6956718055555555,1.5304779722222224,Normal
2025-09-15 04:32:12,13,2.6,1.1781144444444445,3.0630975555555557,Normal
2025-09-15 04:37:12,16,3.2,3.4399284722222228,11.007771111111113,Light
2025-09-15 04:42:12,15,3.0,0.4982772222222223,1.494831666666667,Normal
2025-09-15 04:47:12,20,4.0,1.1356166666666667,4.542466666666667,Normal
2025-09-15 04:52:12,16,3.2,0.42268824074074074,1.3526023703703705,Normal
2025-09-15 04:57:12,21,4.2,6.6793661111111104,28.053337666666664,Moderate
2025-09-15 05:07:12,11,2.2,2.6672058333333335,5.867852833333334,Normal
2025-09-15 05:17:12,16,3.2,8.3204725,26.625512,Moderate
2025-09-15 05:22:12,18,3.6,11.734569861111114,42.24445150000001,Moderate
2025-09-15 05:27:12,22,4.4,5.108741203703703,22.478461296296295,Light
2025-09-15 05:32:12,21,4.2,1.4949993055555557,6.278997083333334,Normal
2025-09-15 05:37:12,17,3.4,2.326160138888889,7.908944472222222,Normal
2025-09-15 05:42:12,26,5.2,1.9548634259259257,10.165289814814814,Light
2025-09-15 05:47:12,20,4.0,4.1904538888888885,16.761815555555554,Light
2025-09-15 05:52:12,17,3.4,2.2583647222222223,7.678440055555556,Normal
2025-09-15 06:02:12,28,5.6,3.0840329629629633,17.27058459259259,Light
2025-09-15 06:07:12,34,6.8,6.720396666666667,45.698697333333335,Moderate
2025-09-15 06:17:12,35,7.0,1.8416140972222224,12.891298680555556,Light
2025-09-15 06:22:12,41,8.2,1.3654996666666668,11.197097266666667,Light
2025-09-15 06:27:12,39,7.8,3.360305185185185,26.210380444444443,Moderate
2025-09-15 06:32:12,50,10.0,2.7151848148148146,27.151848148148147,Moderate
2025-09-15 06:37:12,43,8.6,1.097554861111111,9.438971805555553,Normal
2025-09-15 06:42:12,38,7.6,1.3721648611111112,10.428452944444444,Light
2025-09-15 06:47:12,38,7.6,8.7787235,66.7182986,Severe
2025-09-15 06:52:12,56,11.2,2.880113472222222,32.25727088888888,Moderate
2025-09-15 06:57:12,76,15.2,3.2384685185185185,49.22472148148148,Moderate
2025-09-15 07:02:12,63,12.6,2.014917888888889,25.3879654,Moderate
2025-09-15 07:07:12,77,15.4,2.846598240740741,43.83761290740741,Moderate
2025-09-15 07:12:12,70,14.0,1.086116111111111,15.205625555555555,Light
2025-09-15 07:17:12,66,13.2,2.7435703888888887,36.21512913333333,Moderate
2025-09-15 07:22:12,87,17.4,3.7998845555555554,66.11799126666666,Severe
2025-09-15 07:27:12,67,13.4,3.743740277777777,50.16611972222221,Severe
2025-09-15 07:32:12,80,16.0,0.9248969444444445,14.798351111111112,Light
2025-09-15 07:37:12,85,17.0,0.8613175,14.6423975,Light
2025-09-15 07:42:12,83,16.6,4.074843888888889,67.64240855555556,Severe
2025-09-15 07:47:12,79,15.8,2.4913679040404038,39.36361288383838,Moderate
2025-09-15 07:52:12,89,17.8,2.0337063541666667,36.199973104166666,Moderate
2025-09-15 07:57:12,107,21.4,2.4252177777777777,51.899660444444436,Severe
2025-09-15 08:02:12,73,14.6,4.462568090277778,65.15349411805556,Severe
2025-09-15 08:07:12,68,13.6,1.061479861111111,14.436126111111108,Light
2025-09-15 08:12:12,109,21.8,3.3386829861111114,72.78328909722222,Severe
2025-09-15 08:17:12,98,19.6,8.600644305555555,168.5726283888889,Critical
2025-09-15 08:22:12,97,19.4,0.8397774691358024,16.291682901234566,Light
2025-09-15 08:27:12,105,21.0,0.8062174444444444,16.93056633333333,Light
2025-09-15 08:32:12,108,21.6,1.0482751234567902,22.64274266666667,Light
2025-09-15 08:37:12,126,25.2,2.1821614583333333,54.99046875,Severe
2025-09-15 08:42:12,106,21.2,2.332740598290598,49.45410068376068,Moderate
2025-09-15 08:47:12,113,22.6,0.6106673015873016,13.801081015873018,Light
2025-09-15 08:52:12,120,24.0,0.6810905555555556,16.346173333333336,Light
2025-09-15 08:57:12,125,25.0,0.7403740277777777,18.509350694444443,Light
2025-09-15 09:02:12,93,18.6,5.984897777777778,111.31909866666669,Critical
2025-09-15 09:07:12,99,19.8,1.6501412301587302,32.67279635714286,Moderate
2025-09-15 09:12:12,140,28.0,4.37483900462963,122.49549212962964,Critical
2025-09-15 09:17:12,128,25.6,4.0069293888888895,102.57739235555557,Critical
2025-09-15 09:22:12,126,25.2,3.2785831666666665,82.6202958,Severe
2025-09-15 09:27:12,118,23.6,1.4224277777777778,33.569295555555556,Moderate
2025-09-15 09:32:12,137,27.4,2.7863045601851852,76.34474494907407,Severe
2025-09-15 09:37:12,134,26.8,3.4357927160493826,92.07924479012345,Severe
2025-09-15 09:42:12,124,24.8,6.748749475308642,167.36898698765432,Critical
2025-09-15 09:47:12,127,25.4,1.0644153703703703,27.036150407407405,Moderate
2025-09-15 09:52:12,121,24.2,4.109818762626263,99.45761405555557,Severe
2025-09-15 09:57:12,117,23.4,6.253744523809524,146.33762185714286,Critical
2025-09-15 10:02:12,114,22.8,1.0418954999999999,23.7552174,Light
2025-09-15 10:07:12,99,19.8,1.6166437037037034,32.00954533333333,Moderate
2025-09-15 10:12:12,113,22.6,2.0429817708333338,46.17138802083335,Moderate
2025-09-15 10:17:12,112,22.4,1.1260734920634923,25.224046222222224,Moderate
2025-09-15 10:22:12,116,23.2,3.123869567901235,72.47377397530865,Severe
2025-09-15 10:27:12,124,24.8,3.096741717171717,76.79919458585859,Severe
2025-09-15 10:32:12,115,23.0,2.1918250277777784,50.411975638888904,Severe
2025-09-15 10:37:12,111,22.2,3.578208397435898,79.43622642307693,Severe
2025-09-15 10:42:12,110,22.0,2.3010436111111114,50.622959444444454,Severe
2025-09-15 10:47:12,118,23.6,2.234770185185185,52.74057637037037,Severe
2025-09-15 10:52:12,114,22.8,3.6193047569444445,82.52014845833334,Severe
2025-09-15 10:57:12,111,22.2,0.7172088657407408,15.922036819444447,Light
2025-09-15 11:02:12,131,26.2,1.517481765873016,39.75802226587302,Moderate
2025-09-15 11:07:12,122,24.4,2.994446623931624,73.06449762393163,Severe
2025-09-15 11:12:12,108,21.6,0.6138788888888889,13.259784,Light
2025-09-15 11:17:12,115,23.0,1.231070486111111,28.314621180555555,Moderate
2025-09-15 11:22:12,102,20.4,0.5343757638888889,10.901265583333332,Light
2025-09-15 11:27:12,104,20.8,7.6914848809523795,159.9828855238095,Critical
2025-09-15 11:32:12,105,21.0,6.500587194444444,136.51233108333332,Critical
2025-09-15 11:37:12,89,17.8,0.5554193055555555,9.88646363888889,Normal
2025-09-15 11:42:12,127,25.4,0.6532550505050505,16.59267828282828,Light
2025-09-15 11:47:12,135,27.0,1.9801443611111114,53.46389775000001,Severe
2025-09-15 11:52:12,90,18.0,4.2360822222222225,76.24948,Severe
2025-09-15 11:57:12,117,23.4,2.666167407407407,62.38831733333332,Severe
2025-09-15 12:02:12,120,24.0,2.879725454545454,69.11341090909089,Severe
2025-09-15 12:07:12,112,22.4,2.453839513888889,54.966005111111116,Severe
2025-09-15 12:12:12,113,22.6,0.3326478472222222,7.517841347222221,Normal
2025-09-15 12:17:12,85,17.0,1.1259629629629628,19.141370370370367,Light
2025-09-15 12:22:12,104,20.8,5.160880151515152,107.34630715151516,Critical
2025-09-15 12:27:12,135,27.0,3.9335372569444447,106.2055059375,Critical
2025-09-15 12:32:12,128,25.6,3.7931382407407397,97.10433896296294,Severe
2025-09-15 12:37:12,121,24.2,1.3954801736111113,33.770620201388894,Moderate
2025-09-15 12:42:12,119,23.8,5.080001868686868,120.90404447474747,Critical
2025-09-15 12:47:12,142,28.4,0.6929338657407408,19.679321787037036,Light
2025-09-15 12:52:12,126,25.2,6.019421666666667,151.689426,Critical
2025-09-15 12:57:12,124,24.8,0.7893952083333333,19.577001166666665,Light
2025-09-15 13:02:12,103,20.6,2.9902752777777777,61.59967072222222,Severe
2025-09-15 13:07:12,115,23.0,4.508559318181818,103.69686431818181,Critical
2025-09-15 13:12:12,115,23.0,1.5616176666666666,35.91720633333333,Moderate
2025-09-15 13:17:12,131,26.2,2.8735996666666663,75.28831126666665,Severe
2025-09-15 13:22:12,114,22.8,4.481265810185186,102.17286047222224,Critical
2025-09-15 13:27:12,102,20.4,5.937483333333335,121.12466000000002,Critical
2025-09-15 13:32:12,119,23.8,2.9783118376068383,70.88382173504276,Severe
2025-09-15 13:37:12,115,23.0,2.3591257986111107,54.25989336805554,Severe
2025-09-15 13:42:12,117,23.4,1.262399027777778,29.54013725,Moderate
2025-09-15 13:47:12,128,25.6,2.640671944444444,67.60120177777777,Severe
2025-09-15 13:52:12,130,26.0,2.944313680555555,76.55215569444444,Severe
2025-09-15 13:57:12,124,24.8,1.9284633333333334,47.82589066666667,Moderate
2025-09-15 14:02:12,120,24.0,1.9294356018518521,46.306454444444455,Moderate
2025-09-15 14:07:12,115,23.0,3.884462106481481,89.34262844907407,Severe
2025-09-15 14:12:12,102,20.4,4.78355525,97.58452709999999,Severe
2025-09-15 14:17:12,122,24.4,2.97864675925926,72.67898092592594,Severe
2025-09-15 14:22:12,125,25.0,2.8942913888888886,72.35728472222222,Severe
2025-09-15 14:27:12,124,24.8,2.5848225252525254,64.10359862626264,Severe
2025-09-15 14:32:12,106,21.2,4.640290486111111,98.37415830555554,Severe
2025-09-15 14:37:12,130,26.0,4.577220771604938,119.00774006172838,Critical
2025-09-15 14:42:12,132,26.4,5.404781816239317,142.68623994871797,Critical
2025-09-15 14:47:12,132,26.4,3.9513727991452994,104.3162418974359,Critical
2025-09-15 14:52:12,111,22.2,5.279072305555555,117.19540518333332,Critical
2025-09-15 14:57:12,131,26.2,1.9394034848484847,50.8123713030303,Severe
2025-09-15 15:02:12,119,23.8,1.1475588888888888,27.311901555555554,Moderate
2025-09-15 15:07:12,115,23.0,1.9164156060606061,44.07755893939394,Moderate
2025-09-15 15:12:12,110,22.0,2.6800475,58.961045000000006,Severe
2025-09-15 15:17:12,127,25.4,2.950752152777778,74.94910468055556,Severe
2025-09-15 15:22:12,114,22.8,3.1936275925925925,72.81470911111111,Severe
2025-09-15 15:27:12,123,24.6,2.2191049786324784,54.58998247435897,Severe
2025-09-15 15:32:12,113,22.6,2.5745764197530865,58.18542708641976,Severe
2025-09-15 15:37:12,111,22.2,4.454339861111111,98.88634491666667,Severe
2025-09-15 15:42:12,137,27.4,3.8829780341880347,106.39359813675215,Critical
2025-09-15 15:47:12,107,21.4,3.5557769074074077,76.09362581851852,Severe
2025-09-15 15:52:12,121,24.2,6.630544333333333,160.45917286666665,Critical
2025-09-15 15:57:12,100,20.0,1.028276994949495,20.5655398989899,Light
2025-09-15 16:02:12,114,22.8,2.889954191919192,65.89095557575757,Severe
2025-09-15 16:07:12,120,24.0,2.3303667307692306,55.928801538461535,Severe
2025-09-15 16:12:12,121,24.2,1.993223425925926,48.23600690740741,Moderate
2025-09-15 16:17:12,127,25.4,2.0361411695906435,51.717985707602345,Severe
2025-09-15 16:22:12,131,26.2,2.533205213675214,66.3699765982906,Severe
2025-09-15 16:27:12,117,23.4,1.1941420707070707,27.94292445454545,Moderate
2025-09-15 16:32:12,132,26.4,4.409424475308642,116.40880614814813,Critical
2025-09-15 16:37:12,133,26.6,2.695190916666667,71.69207838333335,Severe
2025-09-15 16:42:12,153,30.6,4.735843759259259,144.91681903333333,Critical
2025-09-15 16:47:12,115,23.0,5.229179212962963,120.27112189814815,Critical
2025-09-15 16:52:12,143,28.6,1.8955483040935672,54.21268149707603,Severe
2025-09-15 16:57:12,85,17.0,1.8152538888888887,30.85931611111111,Moderate
2025-09-15 17:02:12,88,17.6,5.459084444444445,96.07988622222223,Severe
2025-09-15 17:07:12,97,19.4,5.97094619047619,115.83635609523807,Critical
2025-09-15 17:12:12,82,16.4,4.382738333333333,71.87690866666665,Severe
2025-09-15 17:17:12,105,21.0,5.060666435185185,106.27399513888889,Critical
2025-09-15 17:22:12,72,14.4,5.59902503968254,80.62596057142858,Severe
2025-09-15 17:27:12,96,19.2,4.041000092592592,77.58720177777776,Severe
2025-09-15 17:32:12,97,19.4,4.642280555555556,90.06024277777777,Severe
2025-09-15 17:37:12,74,14.8,5.396952291666667,79.87489391666666,Severe
2025-09-15 17:42:12,77,15.4,4.979031944444444,76.67709194444444,Severe
2025-09-15 17:47:12,103,20.6,4.578168027777778,94.31026137222223,Severe
2025-09-15 17:52:12,63,12.6,5.392084930555556,67.940270125,Severe
2025-09-15 17:57:12,103,20.6,6.22936537037037,128.32492662962963,Critical
2025-09-15 18:02:12,87,17.4,3.5894085185185185,62.45570822222221,Severe
2025-09-15 18:07:12,101,20.2,4.50175125,90.93537524999999,Severe
2025-09-15 18:12:12,90,18.0,5.113009027777778,92.03416250000001,Severe
2025-09-15 18:17:12,79,15.8,5.571145138888889,88.02409319444446,Severe
2025-09-15 18:22:12,94,18.8,5.13072762345679,96.45767932098765,Severe
2025-09-15 18:27:12,94,18.8,2.479014598765432,46.60547445679013,Moderate
2025-09-15 18:32:12,97,19.4,6.0048145277777785,116.4934018388889,Critical
2025-09-15 18:37:12,92,18.4,4.7440323412698415,87.29019507936508,Severe
2025-09-15 18:42:12,84,16.8,4.916552619047619,82.598084,Severe
2025-09-15 18:47:12,84,16.8,3.9365242857142855,66.133608,Severe
2025-09-15 18:52:12,102,20.4,4.047911722222222,82.57739913333332,Severe
2025-09-15 18:57:12,109,21.8,5.022328919753087,109.4867704506173,Critical
2025-09-15 19:02:12,78,15.6,6.617716944444443,103.23638433333332,Critical
2025-09-15 19:07:12,112,22.4,4.611190396825396,103.29066488888887,Critical
2025-09-15 19:12:12,82,16.4,5.775029841269841,94.7104893968254,Severe
2025-09-15 19:17:12,105,21.0,3.7602389236111113,78.96501739583334,Severe
2025-09-15 19:22:12,87,17.4,2.6378031597222225,45.89777497916667,Moderate
2025-09-15 19:27:12,114,22.8,2.9728763492063495,67.78158076190476,Severe
2025-09-15 19:32:12,112,22.4,6.099664833333334,136.63249226666667,Critical
2025-09-15 19:37:12,99,19.8,4.832680694444445,95.68707775000001,Severe
2025-09-15 19:42:12,89,17.8,7.698116712962963,137.02647749074075,Critical
2025-09-15 19:47:12,120,24.0,3.62964549382716,87.11149185185184,Severe
2025-09-15 19:52:12,112,22.4,3.6423563425925924,81.58878207407406,Severe
2025-09-15 19:57:12,113,22.6,4.96066438034188,112.11101499572649,Critical
2025-09-15 20:02:12,103,20.6,3.443546527777778,70.93705847222223,Severe
2025-09-15 20:07:12,103,20.6,5.554220925925926,114.41695107407409,Critical
2025-09-15 20:12:12,121,24.2,7.22385595959596,174.81731422222222,Critical
2025-09-15 20:17:12,113,22.6,7.854275111111111,177.50661751111113,Critical
2025-09-15 20:22:12,116,23.2,8.7821901984127,203.74681260317462,Critical
2025-09-15 20:27:12,129,25.8,6.965635314814815,179.71339112222222,Critical
2025-09-15 20:32:12,138,27.6,7.94597162037037,219.30881672222222,Critical
2025-09-15 20:37:12,144,28.8,7.30470351010101,210.3754610909091,Critical
2025-09-15 20:42:12,115,23.0,6.1830898888888886,142.21106744444444,Critical
2025-09-15 20:47:12,113,22.6,6.012557152777778,135.8837916527778,Critical
2025-09-15 20:52:12,113,22.6,7.04073891025641,159.12069937179487,Critical
2025-09-15 20:57:12,129,25.8,7.120052361111111,183.69735091666666,Critical
2025-09-15 21:02:12,99,19.8,6.629001006944445,131.2542199375,Critical
2025-09-15 21:07:12,130,26.0,6.6438560833333336,172.74025816666668,Critical
2025-09-15 21:12:12,117,23.4,6.963593277777777,162.9480827,Critical
2025-09-15 21:17:12,143,28.6,7.065824201388889,202.08257215972222,Critical
2025-09-15 21:22:12,122,24.4,6.517881234567901,159.03630212345678,Critical
2025-09-15 21:27:12,146,29.2,6.374802422839506,186.1442307469136,Critical
2025-09-15 21:32:12,122,24.4,7.843013293650795,191.3695243650794,Critical
2025-09-15 21:37:12,132,26.4,6.05829087962963,159.93887922222223,Critical
2025-09-15 21:42:12,125,25.0,5.440286507936508,136.0071626984127,Critical
2025-09-15 21:47:12,129,25.8,5.597404895833334,144.41304631250003,Critical
2025-09-15 21:52:12,118,23.6,6.007183703703704,141.7695354074074,Critical
2025-09-15 21:57:12,117,23.4,5.835169513888888,136.542966625,Critical
2025-09-15 22:02:12,112,22.4,5.389737525252525,120.73012056565656,Critical
2025-09-15 22:07:12,137,27.4,4.626083492063492,126.75468768253967,Critical
2025-09-15 22:12:12,108,21.6,5.677415347222222,122.63217150000001,Critical
2025-09-15 22:17:12,101,20.2,4.885846111111111,98.69409144444444,Severe
2025-09-15 22:22:12,105,21.0,4.978277416666667,104.54382575,Critical
2025-09-15 22:27:12,106,21.2,6.141642395833333,130.20281879166666,Critical
2025-09-15 22:32:12,100,20.0,4.525140802469136,90.50281604938272,Severe
2025-09-15 22:37:12,107,21.4,4.981165763888888,106.5969473472222,Critical
2025-09-15 22:42:12,90,18.0,4.479780787037037,80.63605416666667,Severe
2025-09-15 22:47:12,111,22.2,4.138016979166666,91.86397693749998,Severe
2025-09-15 22:52:12,95,19.0,4.7197536574074075,89.67531949074075,Severe
2025-09-15 22:57:12,76,15.2,5.286356904761905,80.35262495238095,Severe
2025-09-15 23:02:12,89,17.8,4.970116706349206,88.46807737301586,Severe
2025-09-15 23:07:12,70,14.0,3.428982857142857,48.00576,Moderate
2025-09-15 23:12:12,72,14.4,3.767704444444445,54.25494400000001,Severe
2025-09-15 23:17:12,91,18.2,3.6922805000000003,67.1995051,Severe
2025-09-15 23:22:12,76,15.2,2.9054790277777776,44.16328122222222,Moderate
2025-09-15 23:27:12,98,19.6,3.5393908333333335,69.37206033333334,Severe
2025-09-15 23:32:12,66,13.2,3.9439420370370377,52.06003488888889,Severe
2025-09-15 23:37:12,76,15.2,3.976347962962963,60.44048903703703,Severe
2025-09-15 23:42:12,84,16.8,3.1882312222222224,53.56228453333334,Severe
2025-09-15 23:47:12,74,14.8,3.396993214285714,50.275499571428576,Severe
2025-09-15 23:52:12,65,13.0,3.0453502777777772,39.58955361111111,Moderate
2025-09-15 23:57:12,57,11.4,3.8294855555555563,43.656135333333346,Moderate
2025-09-16 00:02:12,39,7.8,6.112248531746031,47.67553854761904,Moderate
2025-09-16 00:07:12,48,9.6,5.059517444444444,48.571367466666665,Moderate
2025-09-16 00:12:12,44,8.8,2.4638975000000003,21.682298000000003,Light
2025-09-16 00:17:12,28,5.6,4.390297870370371,24.585668074074075,Light
2025-09-16 00:22:12,31,6.2,2.8572070833333334,17.71468391666667,Light
2025-09-16 00:27:12,27,5.4,7.335569583333334,39.61207575000001,Moderate
2025-09-16 00:32:12,23,4.6,2.250379722222222,10.351746722222222,Light
2025-09-16 00:37:12,32,6.4,3.7556203174603175,24.035970031746032,Light
2025-09-16 00:42:12,28,5.6,6.0518068055555565,33.890118111111114,Moderate
2025-09-16 00:47:12,19,3.8,4.610867777777778,17.521297555555556,Light
2025-09-16 00:52:12,18,3.6,1.8591730555555552,6.693022999999999,Normal
2025-09-16 00:57:12,22,4.4,6.857598749999999,30.1734345,Moderate
2025-09-16 01:02:12,20,4.0,4.111227592592593,16.444910370370373,Light
2025-09-16 01:07:12,17,3.4,1.3950147222222222,4.743050055555555,Normal
2025-09-16 01:12:12,16,3.2,1.0196577777777778,3.262904888888889,Normal
2025-09-16 01:17:12,15,3.0,1.1834275,3.5502825000000002,Normal
2025-09-16 01:22:12,10,2.0,2.0394738888888884,4.078947777777777,Normal
2025-09-16 01:32:12,17,3.4,5.616476018518518,19.09601846296296,Light
2025-09-16 01:37:12,22,4.4,1.607969111111111,7.0750640888888885,Normal
2025-09-16 01:47:12,8,1.6,2.8291469444444446,4.526635111111111,Normal
2025-09-16 01:57:12,12,2.4,6.868248333333333,16.483795999999998,Light
2025-09-16 02:02:12,10,2.0,1.2174269444444445,2.434853888888889,Normal
2025-09-16 02:07:12,13,2.6,1.4134652777777779,3.6750097222222227,Normal
2025-09-16 02:12:12,12,2.4,7.95694138888889,19.096659333333335,Light
2025-09-16 02:17:12,10,2.0,3.6324216666666667,7.264843333333333,Normal
2025-09-16 02:32:12,4,0.8,1.0427180555555555,0.8341744444444444,Normal
2025-09-16 02:37:12,14,2.8,3.861094722222222,10.81106522222222,Light
2025-09-16 02:42:12,14,2.8,1.7077783333333334,4.781779333333334,Normal
2025-09-16 02:47:12,3,0.6,2.7475072222222225,1.6485043333333336,Normal
2025-09-16 02:52:12,10,2.0,2.037985277777778,4.075970555555556,Normal
2025-09-16 03:02:12,7,1.4,1.9742161111111114,2.7639025555555556,Normal
2025-09-16 03:07:12,4,0.8,4.494973055555556,3.5959784444444445,Normal
2025-09-16 03:27:12,8,1.6,1.6152575,2.5844120000000004,Normal
2025-09-16 03:32:12,10,2.0,1.5782577777777778,3.1565155555555555,Normal
2025-09-16 03:37:12,9,1.8,0.8891147222222223,1.6004065000000003,Normal
2025-09-16 03:42:12,13,2.6,1.0852369444444443,2.8216160555555554,Normal
2025-09-16 03:47:12,13,2.6,4.2341066666666665,11.008677333333333,Light
2025-09-16 03:57:12,8,1.6,0.3975272222222222,0.6360435555555556,Normal
2025-09-16 04:02:12,8,1.6,3.853840277777778,6.166144444444445,Normal
2025-09-16 04:22:12,9,1.8,4.75679,8.562222,Normal
2025-09-16 04:47:12,12,2.4,0.27430916666666666,0.658342,Normal
2025-09-16 04:52:12,17,3.4,1.61863625,5.50336325,Normal
2025-09-16 04:57:12,18,3.6,4.075096388888889,14.670347000000001,Light
2025-09-16 05:02:12,15,3.0,3.343045416666667,10.02913625,Light
2025-09-16 05:07:12,13,2.6,1.9171130555555558,4.984493944444445,Normal
2025-09-16 05:17:12,15,3.0,1.8345098611111115,5.503529583333334,Normal
2025-09-16 05:27:12,17,3.4,2.43876037037037,8.291785259259258,Normal
2025-09-16 05:32:12,16,3.2,2.220838611111111,7.106683555555556,Normal
2025-09-16 05:42:12,26,5.2,2.644069305555555,13.749160388888887,Light
2025-09-16 05:47:12,22,4.4,1.8268336111111114,8.038067888888891,Normal
2025-09-16 05:52:12,33,6.6,1.5380745370370372,10.151291944444445,Light
2025-09-16 05:57:12,21,4.2,2.6573729166666666,11.16096625,Light
2025-09-16 06:02:12,23,4.6,3.858462222222222,17.74892622222222,Light
2025-09-16 06:07:12,24,4.8,1.06142,5.094816,Normal
2025-09-16 06:12:12,30,6.0,1.3120034722222222,7.872020833333334,Normal
2025-09-16 06:17:12,23,4.6,0.8819055555555556,4.056765555555556,Normal
2025-09-16 06:22:12,28,5.6,3.233129444444444,18.105524888888883,Light
2025-09-16 06:27:12,32,6.4,2.3426531944444444,14.992980444444445,Light
2025-09-16 06:32:12,41,8.2,1.2588269444444444,10.322380944444443,Light
2025-09-16 06:37:12,36,7.2,1.2642991666666668,9.102954,Normal
2025-09-16 06:42:12,25,5.0,0.8260681944444443,4.130340972222221,Normal
2025-09-16 06:52:12,42,8.4,0.8540282407407407,7.173837222222222,Normal
2025-09-16 06:57:12,54,10.8,1.1829282777777776,12.7756254,Light
2025-09-16 07:02:12,58,11.6,0.7494311805555556,8.693401694444445,Normal
2025-09-16 07:07:12,54,10.8,0.9946358888888888,10.742067599999999,Light
2025-09-16 07:12:12,59,11.8,0.6208563888888888,7.326105388888888,Normal
2025-09-16 07:17:12,53,10.6,0.7139324166666666,7.567683616666666,Normal
2025-09-16 07:22:12,67,13.4,1.2566736111111112,16.839426388888892,Light
2025-09-16 07:27:12,54,10.8,1.0484173888888888,11.3229078,Light
2025-09-16 07:32:12,69,13.8,0.7412274305555556,10.228938541666668,Light
2025-09-16 07:37:12,50,10.0,1.5346114583333335,15.346114583333335,Light
2025-09-16 07:42:12,65,13.0,0.9344511805555555,12.147865347222222,Light
2025-09-16 07:47:12,68,13.6,1.121516111111111,15.252619111111109,Light
2025-09-16 07:52:12,74,14.8,0.4984188888888889,7.376599555555556,Normal
2025-09-16 07:57:12,64,12.8,0.5858032407407407,7.498281481481482,Normal
2025-09-16 08:02:12,79,15.8,0.4359458888888889,6.887945044444445,Normal
2025-09-16 08:07:12,80,16.0,0.8622379365079366,13.795806984126985,Light
2025-09-16 08:12:12,77,15.4,1.0230481944444443,15.754942194444443,Light
2025-09-16 08:17:12,90,18.0,0.8499754166666666,15.299557499999999,Light
2025-09-16 08:22:12,62,12.4,1.0103672916666666,12.528554416666667,Light
2025-09-16 08:27:12,74,14.8,0.899874513888889,13.318142805555556,Light
2025-09-16 08:32:12,56,11.2,0.5686217592592594,6.368563703703705,Normal
2025-09-16 08:37:12,66,13.2,1.130091635802469,14.917209592592592,Light
2025-09-16 08:42:12,67,13.4,0.6846274074074075,9.17400725925926,Normal
2025-09-16 08:47:12,81,16.2,0.6963028055555556,11.280105449999999,Light
2025-09-16 08:52:12,109,21.8,0.5099771666666667,11.117502233333335,Light
2025-09-16 08:57:12,81,16.2,0.5734004012345679,9.2890865,Normal
2025-09-16 09:02:12,81,16.2,0.832847,13.4921214,Light
2025-09-16 09:07:12,91,18.2,0.32224847222222225,5.8649221944444445,Normal
2025-09-16 09:12:12,77,15.4,0.6198456746031745,9.545623388888888,Normal
2025-09-16 09:17:12,84,16.8,0.3503489444444444,5.885862266666667,Normal
2025-09-16 09:22:12,99,19.8,0.45910325,9.09024435,Normal
2025-09-16 09:27:12,80,16.0,0.4652021111111111,7.4432337777777775,Normal
2025-09-16 09:32:12,74,14.8,0.7452260069444444,11.029344902777778,Light
2025-09-16 09:37:12,113,22.6,0.47819483333333335,10.807203233333334,Light
2025-09-16 09:42:12,91,18.2,0.3182041414141414,5.791315373737373,Normal
2025-09-16 09:47:12,105,21.0,0.34201262626262624,7.182265151515151,Normal
2025-09-16 09:52:12,116,23.2,0.3253369444444444,7.54781711111111,Normal
2025-09-16 09:57:12,95,19.0,0.7543862962962963,14.333339629629629,Light
2025-09-16 10:02:12,95,19.0,1.2815938095238093,24.350282380952375,Light
2025-09-16 10:07:12,89,17.8,1.0375208641975309,18.46787138271605,Light
2025-09-16 10:12:12,88,17.6,1.315396626984127,23.15098063492064,Light
2025-09-16 10:17:12,81,16.2,1.9628061111111113,31.797459,Moderate
2025-09-16 10:22:12,87,17.4,1.096775075757576,19.083886318181822,Light
2025-09-16 10:27:12,80,16.0,1.9471446527777778,31.154314444444445,Moderate
2025-09-16 10:32:12,94,18.8,1.0185080555555557,19.14795144444445,Light
2025-09-16 10:37:12,70,14.0,1.4072962500000001,19.702147500000002,Light
2025-09-16 10:42:12,86,17.2,1.409473134920635,24.242937920634922,Light
2025-09-16 10:47:12,100,20.0,1.275972916666667,25.51945833333334,Moderate
2025-09-16 10:52:12,100,20.0,0.6201412037037036,12.402824074074072,Light
2025-09-16 10:57:12,91,18.2,0.9043386111111111,16.45896272222222,Light
2025-09-16 11:02:12,91,18.2,0.7689402469135803,13.994712493827162,Light
2025-09-16 11:07:12,97,19.4,0.4929460763888889,9.563153881944444,Normal
2025-09-16 11:12:12,79,15.8,0.735954212962963,11.628076564814817,Light
2025-09-16 11:17:12,89,17.8,1.0613825000000001,18.8926085,Light
2025-09-16 11:22:12,90,18.0,0.4867514814814815,8.761526666666667,Normal
2025-09-16 11:27:12,81,16.2,0.7000937698412698,11.34151907142857,Light
2025-09-16 11:32:12,94,18.8,0.5907808333333333,11.106679666666667,Light
2025-09-16 11:37:12,97,19.4,0.5209791414141413,10.10699534343434,Light
2025-09-16 11:42:12,76,15.2,0.6320608024691358,9.607324197530863,Normal
2025-09-16 11:47:12,82,16.4,0.8123309444444444,13.322227488888888,Light
2025-09-16 11:52:12,90,18.0,0.7928375277777777,14.271075499999998,Light
2025-09-16 11:57:12,92,18.4,0.6998271180555555,12.876818972222221,Light
2025-09-16 12:02:12,98,19.6,0.506668912037037,9.930710675925926,Normal
2025-09-16 12:07:12,81,16.2,0.5418826736111112,8.778499312500001,Normal
2025-09-16 12:12:12,78,15.6,0.37456216666666664,5.843169799999999,Normal
2025-09-16 12:17:12,97,19.4,0.5749490277777778,11.154011138888889,Light
2025-09-16 12:22:12,101,20.2,0.48852421296296294,9.86818910185185,Normal
2025-09-16 12:27:12,99,19.8,0.6220780158730158,12.317144714285714,Light
2025-09-16 12:32:12,72,14.4,0.26913827777777777,3.8755912,Normal
2025-09-16 12:37:12,76,15.2,0.6427188888888888,9.76932711111111,Normal
2025-09-16 12:42:12,92,18.4,0.49606185185185186,9.127538074074074,Normal
2025-09-16 12:47:12,104,20.8,0.6443421666666667,13.402317066666667,Light
2025-09-16 12:52:12,88,17.6,0.6367008333333334,11.205934666666668,Light
2025-09-16 12:57:12,56,11.2,0.5749192361111111,6.439095444444444,Normal
